Workbook

Sheet Master
A1: List of Active Seamen
A3: (Semua Kapal) (Semua Rank)
A4: Dicetak pada 01/07/2025 07:44:44
A6: No. | B6: Seaman Code | C6: Seaman Name | D6: Rank | E6: Previous Vessel | F6: Vessel | G6: Fleet | H6: Crewing | I6: Transaction Date | J6: Masa Kerja | K6: Masa On Board | L6: Umur | M6: Key Certificate Name | N6: Key Cert. Number | O6: Key Cert. Exp | P6: Vaksin I | Q6: Vaksin II | R6: Vaksin III | S6: Vaksin IV | T6: AFF | U6: AFF Exp | V6: BST | W6: BST Exp | X6: PSCRB | Y6: PSCRB Exp | Z6: Buku Pelaut | AA6: Buku Pelaut Exp | AB6: MCU | AC6: MCU Exp | AD6: MEFA | AE6: SDSD | AF6: SSAT | AG6: SSO | AH6: RASD Cert. No | AI6: RASE Cert. No | AJ6: BRM Cert. No | AK6: RFE Cert. No | AL6: RASN Cert. No | AM6: Education | AN6: TLP
A7: 1 | B7: 20040312 | C7: HAMID HALIK | D7: NAKHODA | E7: PENDING CUTI | F7: BC. ANGSA LAUT | G7: F | H7: fenru samosir | I7: 45754 | J7: 4 tahun 4 bulan 7 hari | K7: 0 tahun 2 bulan 24 hari | L7: 58 tahun 9 bulan 22 hari | M7: ANT-IV | N7: 6200064037M40517 | O7: 46468 | P7: 44396 | Q7: 44427 | R7: 44646 | T7: 6200064037060522 | U7: 46441 | V7: 6200064037010522 | W7: 46441 | X7: 6200064037040522 | Y7: 46441 | Z7: J 074395 | AA7: 46698 | AB7: 6200064037MC7224 | AC7: 46150 | AD7: 6200064037070517 | AE7: - | AF7: 6200064037310516 | AG7: 6200064037240522 | AH7: - | AI7: - | AJ7: - | AK7: - | AL7: - | AM7: UMUM | AN7: 0318438184, 081520376816
A8: 2 | B8: 20100509 | C8: ARIF EFENDI | D8: MUALIM I | E8: PENDING CUTI | F8: BC. ANGSA LAUT | G8: F | H8: fenru samosir | I8: 45740 | J8: 2 tahun 3 bulan 22 hari | K8: 0 tahun 3 bulan 7 hari | L8: 34 tahun 3 bulan 7 hari | M8: ANT-III | N8: 6200397121N30321 | O8: 46341 | P8: 44386 | Q8: 44414 | R8: 44607 | T8: 6200397121060321 | U8: 46099 | V8: 6200397121012521 | W8: 46077 | X8: 6200397121042521 | Y8: 46077 | Z8: F 257540 | AA8: 46229 | AB8: 6200397121MC12324 | AC8: 46178 | AD8: 6200397121070321 | AE8: 6200397121320321 | AF8: 6200397121310321 | AG8: 6200397121240320 | AH8: - | AI8: - | AJ8: 6200397121230320 | AK8: - | AL8: - | AM8: SMA GROBONGAN | AN8: 08562726030
A9: 3 | B9: 20140031 | C9: MUHAMMAD ARIF | D9: KKM | E9: DARAT BIASA | F9: BC. ANGSA LAUT | G9: F | H9: fenru samosir | I9: 45808 | J9: 0 tahun 2 bulan 22 hari | K9: 0 tahun 1 bulan 1 hari | L9: 34 tahun 3 bulan 1 hari | M9: ATT-IV | N9: 6201112944S40218 | O9: 47525 | P9: 44328 | Q9: 44443 | R9: 44719 | T9: 6201112944060725 | U9: 47528 | V9: 6201112944010725 | W9: 47525 | X9: 6201112944040725 | Y9: 47533 | Z9: K 017712 | AA9: 46807 | AB9: 6201112944MC1025 | AC9: 46444 | AD9: 6201112944070225 | AE9: 6201112944320225 | AF9: 6201112944310225 | AG9: 6201112944240225 | AH9: - | AI9: - | AJ9: - | AK9: - | AL9: - | AM9: Diklat Poktepel | AN9: 085231551115, 082254548374
A10: 4 | B10: 20080470 | C10: BAMBANG WARDOYO | D10: MASINIS II | E10: BC. KAIMANA INDAH | F10: BC. ANGSA LAUT | G10: F | H10: fenru samosir | I10: 45827 | J10: 3 tahun 1 bulan 27 hari | K10: 0 tahun 0 bulan 12 hari | L10: 41 tahun 8 bulan 12 hari | M10: ATT-IV | N10: 6201027031T40524 | O10: 47441 | P10: 44347 | Q10: 44443 | R10: 44655 | T10: 6201027031060520 | U10: 45930 | V10: 6201027031010520 | W10: 45930 | X10: 6201027031040520 | Y10: 45930 | Z10: J 030146 | AA10: 46523 | AB10: 6201027031MC7223 | AC10: 46009 | AD10: 6201027031070516` | AE10: - | AF10: 6201027031310515 | AG10: 6201027031240523 | AH10: - | AI10: - | AJ10: - | AK10: - | AL10: - | AM10: SMK2 ISLAM | AN10: 081333998151
A11: 5 | B11: 20080133 | C11: IBRAHIM | D11: JURU MUDI | E11: PENDING CUTI | F11: BC. ANGSA LAUT | G11: F | H11: fenru samosir | I11: 45772 | J11: 6 tahun 8 bulan 23 hari | K11: 0 tahun 2 bulan 6 hari | L11: 41 tahun 3 bulan 28 hari | M11: ANT-D | N11: 6200196466340223 | O11: 46828 | P11: 44441 | Q11: 44483 | R11: 44664 | S11: 45000 | T11: 6200196466060521 | U11: 46352 | V11: 6200196466012421 | W11: 46124 | X11: 6200196466040521 | Y11: 46355 | Z11: G 020766 | AA11: 45916 | AB11: 6200196466MC7225 | AC11: 46379 | AD11: 6200196466070517 | AE11: 6200196466320517 | AF11: 6200196466310517 | AG11: - | AH11: 6200196466340223 | AI11: - | AJ11: - | AK11: - | AL11: - | AM11: DIKLAT BST | AN11: 087812124144
A12: 6 | B12: 20130776 | C12: SANDY IRAWAN | D12: JURU MUDI | E12: BC. TENYO MARU | F12: BC. ANGSA LAUT | G12: F | H12: fenru samosir | I12: 45796 | J12: 6 tahun 5 bulan 12 hari | K12: 0 tahun 1 bulan 12 hari | L12: 39 tahun 8 bulan 28 hari | M12: ANT-V | N12: 6201198724N50619 | O12: 47289 | P12: 44384 | Q12: 44554 | R12: 44646 | T12: 6201198724060622 | U12: 46570 | V12: 6201198724010621 | W12: 46131 | X12: 6201198724040622 | Y12: 46569 | Z12: F 168225 | AA12: 45906 | AB12: 6201198724MC6224 | AC12: 46329 | AD12: 6201198724070416 | AE12: 6201198724320416 | AF12: 6201198724310416 | AG12: - | AH12: - | AI12: - | AJ12: - | AK12: - | AL12: - | AM12: DIKLAT ANT-V | AN12: 082131432201
A13: 7 | B13: 20090394 | C13: ANAS AMINUDIN BASHURI | D13: JURU MINYAK | E13: TB. ALPHA | F13: BC. ANGSA LAUT | G13: F | H13: fenru samosir | I13: 45813 | J13: 16 tahun 0 bulan 21 hari | K13: 0 tahun 0 bulan 26 hari | L13: 50 tahun 11 bulan 20 hari | M13: ATT-D | N13: 6200511108420517 | O13: 46461 | P13: 44387 | Q13: 44415 | R13: 44658 | T13: 6200511108060522 | U13: 46418 | V13: 6200511108010522 | W13: 46418 | X13: 6200511108040522 | Y13: 46418 | Z13: J 009760 | AA13: 46416 | AB13: 6200511108MC7224 | AC13: 45983 | AD13: 6200511108070518 | AE13: 6200511108320517 | AF13: 6200511108310517 | AG13: - | AH13: - | AI13: 6200511108420517 | AJ13: - | AK13: - | AL13: - | AM13: umum | AN13: 081230988611
A14: 8 | B14: 20250112 | C14: MOH. YOGA PRATAMA | D14: JURU MINYAK | E14: BC. ANGSA LAUT | F14: BC. ANGSA LAUT | G14: F | H14: fenru samosir | I14: 45813 | J14: 0 tahun 0 bulan 26 hari | K14: 0 tahun 0 bulan 26 hari | L14: 20 tahun 3 bulan 25 hari | M14: ATT-D | N14: 6212130705350525 | O14: 47618 | T14: 6212130705060525 | U14: 47596 | V14: 6212130705015021 | W14: 46300 | X14: 6212130705040525 | Y14: 47599 | Z14: J 031037 | AA14: 46558 | AB14: 6212130705MC7225 | AC14: 46538 | AD14: - | AE14: 6212130705320525 | AF14: 6212130705310525 | AG14: - | AH14: - | AI14: - | AJ14: - | AK14: 6212130705350525 | AL14: - | AM14: SMKN Darul | AN14: 082140604027, 085708090120
A15: 9 | B15: 20120251 | C15: TEGUH SETYO WIBOWO | D15: NAKHODA | E15: PENDING CUTI | F15: BC. BALIKPAPAN RAYA | G15: F | H15: fenru samosir | I15: 45601 | J15: 6 tahun 1 bulan 25 hari | K15: 0 tahun 7 bulan 26 hari | L15: 50 tahun 1 bulan 21 hari | M15: ANT-III | N15: 6200039074M30519 | O15: 47276 | P15: 44383 | Q15: 44411 | R15: 44646 | T15: 6200039074060520 | U15: 45935 | V15: 6200039074010520 | W15: 45935 | X15: 6200039074040520 | Y15: 45935 | Z15: F 233893 | AA15: 46148 | AB15: 6200039074MC7224 | AC15: 46220 | AD15: 6200039074070515 | AE15: - | AF15: 6200039074310515 | AG15: 6200039074240517 | AH15: - | AI15: - | AJ15: 6200039074230515 | AK15: - | AL15: - | AM15: diklat ANT-III | AN15: 081330023151
A16: 10 | B16: 20040165 | C16: ROKHIM | D16: MUALIM I | E16: PENDING CUTI | F16: BC. BALIKPAPAN RAYA | G16: F | H16: fenru samosir | I16: 45574 | J16: 25 tahun 8 bulan 0 hari | K16: 0 tahun 8 bulan 22 hari | L16: 47 tahun 9 bulan 20 hari | M16: ANT-V | N16: 6201039713M50517 | O16: 46422 | P16: 44380 | Q16: 44426 | R16: 44651 | T16: 6201039713060520 | U16: 45945 | V16: 6201039713010320 | W16: 46009 | X16: 6201039713040520 | Y16: 45945 | Z16: G 020767 | AA16: 45916 | AB16: 6201039713MC7224 | AC16: 46113 | AD16: 6201039713070516 | AE16: - | AF16: 6201039713310515 | AG16: 6201039713240522 | AH16: - | AI16: - | AJ16: - | AK16: - | AL16: - | AM16: UMUM | AN16: 0353431032, 08121782011
A17: 11 | B17: 20170614 | C17: YOHANES ALUYSIUS PHILIPS OLA | D17: MUALIM II | E17: BC. BANJARMASIN RAYA | F17: BC. BALIKPAPAN RAYA | G17: F | H17: fenru samosir | I17: 45698 | J17: 4 tahun 1 bulan 11 hari | K17: 0 tahun 4 bulan 21 hari | L17: 31 tahun 1 bulan 2 hari | M17: ANT-III | N17: 6202088222M30523 | O17: 46951 | P17: 44393 | Q17: 44434 | R17: 44649 | T17: 6202088222060522 | U17: 46583 | V17: 6202088222010522 | W17: 46527 | X17: 6202088222040522 | Y17: 46404 | Z17: G 124331 | AA17: 46359 | AB17: 6202088222MC7224 | AC17: 46304 | AD17: 6202088222070517 | AE17: - | AF17: 6202088222310516 | AG17: 6202088222240521 | AH17: - | AI17: - | AJ17: 6202088222230517 | AK17: - | AL17: - | AM17: SPM Bhakti Samudera | AN17: 082244419220, 085172308080
A18: 12 | B18: 20050373 | C18: PURNOMO MARSUDI | D18: KKM | E18: PENDING CUTI | F18: BC. BALIKPAPAN RAYA | G18: F | H18: fenru samosir | I18: 45787 | J18: 9 tahun 1 bulan 29 hari | K18: 0 tahun 1 bulan 21 hari | L18: 50 tahun 0 bulan 7 hari | M18: ATT-III | N18: 6200503936S30516 | O18: 46198 | P18: 44410 | Q18: 44470 | R18: 44667 | T18: 6200503936060521 | U18: 46099 | V18: 6200503936010523 | W18: 46987 | X18: 6200503936040521 | Y18: 46099 | Z18: F 268448 | AA18: 46274 | AB18: 6200503936MC7224 | AC18: 46313 | AD18: 6200503936070514 | AE18: - | AF18: 6200503936310515 | AG18: 6200503936240521 | AH18: - | AI18: - | AJ18: - | AK18: - | AL18: - | AM18: BAKTI SAMUDERA | AN18: 0328667964
A19: 13 | B19: 20040705 | C19: MOH. HASAN FATONI | D19: MASINIS I | E19: PENDING CUTI | F19: BC. BALIKPAPAN RAYA | G19: F | H19: fenru samosir | I19: 45801 | J19: 29 tahun 2 bulan 22 hari | K19: 0 tahun 1 bulan 7 hari | L19: 54 tahun 2 bulan 19 hari | M19: ATT-V | N19: 6200072650S50516 | O19: 46250 | P19: 44393 | Q19: 44427 | R19: 44646 | S19: 45029 | T19: 6200072650060521 | U19: 46316 | V19: 6200072650010521 | W19: 46316 | X19: 6200072650040521 | Y19: 46316 | Z19: F 268381 | AA19: 46271 | AB19: 6200072650MC7224 | AC19: 46159 | AD19: 6200072650070516 | AE19: - | AF19: 6200072650310516 | AG19: 6200072650240523 | AH19: - | AI19: - | AJ19: - | AK19: - | AL19: - | AM19: UMUM | AN19: 0313094560
A20: 14 | B20: 20180247 | C20: BASUKI | D20: JURU MUDI | E20: DARAT BIASA | F20: BC. BALIKPAPAN RAYA | G20: F | H20: fenru samosir | I20: 45768 | J20: 1 tahun 6 bulan 13 hari | K20: 0 tahun 2 bulan 10 hari | L20: 31 tahun 1 bulan 3 hari | M20: ANT-D | N20: 6211753743340523 | O20: 46912 | P20: 44375 | Q20: 44420 | R20: 44786 | T20: 6211753743060523 | U20: 47084 | V20: 6211753743010522 | W20: 46637 | X20: 6211753743040523 | Y20: 47084 | Z20: J 074357 | AA20: 46694 | AB20: 6211753743MC7224 | AC20: 46065 | AD20: 6211753743070524 | AE20: 6211753743320524 | AF20: 6211753743310517 | AG20: - | AH20: 6211753743340523 | AI20: - | AJ20: - | AK20: - | AL20: - | AM20: SMA N MADIUN | AN20: 085733327523
A21: 15 | B21: 20240081 | C21: MUHAMMAD IQRAN | D21: JURU MUDI | E21: DARAT BIASA | F21: BC. BALIKPAPAN RAYA | G21: F | H21: fenru samosir | I21: 45829 | J21: 1 tahun 3 bulan 7 hari | K21: 0 tahun 0 bulan 10 hari | L21: 29 tahun 8 bulan 7 hari | M21: ANT-IV | N21: 6201407557N40624 | O21: 47171 | P21: 44394 | Q21: 44552 | R21: 44646 | T21: 6201407557060520 | U21: 45861 | V21: 6201407557010622 | W21: 46531 | X21: 6201407557042820 | Y21: 46028 | Z21: I 061580 | AA21: 46211 | AB21: 6201407557MC11025 | AC21: 46449 | AD21: 6201407557070623 | AE21: - | AF21: 6201407557310520 | AG21: 6201407557240624 | AH21: - | AI21: - | AJ21: - | AK21: - | AL21: - | AM21: SMK Katangka | AN21: 081245269528
A22: 16 | B22: 20090145 | C22: ABDU ROHMAN | D22: JURU MINYAK | E22: PENDING CUTI | F22: BC. BALIKPAPAN RAYA | G22: F | H22: fenru samosir | I22: 45787 | J22: 16 tahun 3 bulan 24 hari | K22: 0 tahun 1 bulan 21 hari | L22: 36 tahun 8 bulan 4 hari | M22: ATT-D | N22: 6200352816420517 | O22: 46454 | P22: 44396 | Q22: 44428 | R22: 44650 | T22: 6200352816060521 | U22: 46070 | V22: 6200352816010525 | W22: 47552 | X22: 6200352816040521 | Y22: 46070 | Z22: F 268565 | AA22: 46277 | AB22: 6200352816MC7224 | AC22: 46241 | AD22: 6200352816070523 | AE22: 6200352816320516 | AF22: 6200352816310516 | AG22: - | AH22: - | AI22: 6200352816420517 | AJ22: - | AK22: - | AL22: - | AM22: UMUM | AN22: 081234354282
A23: 17 | B23: 20180116 | C23: NOFERI | D23: JURU MINYAK | E23: PENDING CUTI | F23: BC. BALIKPAPAN RAYA | G23: F | H23: fenru samosir | I23: 45818 | J23: 7 tahun 3 bulan 11 hari | K23: 0 tahun 0 bulan 21 hari | L23: 31 tahun 3 bulan 16 hari | M23: ATT-D | N23: 6202193310420518 | O23: 46802 | P23: 44380 | Q23: 44417 | R23: 44646 | T23: 6202193310060520 | U23: 46005 | V23: 6202193310010524 | W23: 47309 | X23: 6202193310040520 | Y23: 45991 | Z23: F 245046 | AA23: 46199 | AB23: RSD TIMIKA | AC23: 46159 | AD23: 6202193310070523 | AE23: 6202193310320523 | AF23: 6202193310310515 | AG23: - | AH23: - | AI23: 6202193310420518 | AJ23: - | AK23: - | AL23: - | AM23: DIKLAT ATT-D | AN23: 082225221593
A24: 18 | B24: 20050274 | C24: DANIEL LAHUANG | D24: NAKHODA | E24: PENDING CUTI | F24: BC. BANJARMASIN RAYA | G24: F | H24: fenru samosir | I24: 45801 | J24: 38 tahun 2 bulan 16 hari | K24: 0 tahun 1 bulan 7 hari | L24: 62 tahun 1 bulan 3 hari | M24: ANT-IV | N24: 6200122485M40617 | O24: 46602 | P24: 44380 | Q24: 44417 | R24: 44634 | S24: 45026 | T24: 6200122485060421 | U24: 46100 | V24: 6200122485010421 | W24: 46100 | X24: 6200122485040421 | Y24: 46100 | Z24: F 026423 | AA24: 45805 | AB24: 6200122485MC5424 | AC24: 46156 | AD24: 6200122485070416 | AE24: - | AF24: 6200122485310417 | AG24: 6200122485240417 | AH24: - | AI24: - | AJ24: 6200122485230417 | AK24: - | AL24: - | AM24: UMUM | AN24: 0317457232
A25: 19 | B25: 20190265 | C25: SILFAN | D25: MUALIM II | E25: PENDING CUTI | F25: BC. BANJARMASIN RAYA | G25: F | H25: fenru samosir | I25: 45768 | J25: 1 tahun 3 bulan 8 hari | K25: 0 tahun 2 bulan 10 hari | L25: 31 tahun 5 bulan 21 hari | M25: ANT-III | N25: 6201353160010121 | O25: 46324 | P25: 44244 | Q25: 44370 | R25: 44626 | T25: 6201353160060121 | U25: 46324 | V25: 6201353160010121 | W25: 46324 | X25: 6201353160040121 | Y25: 46324 | Z25: J 018277 | AA25: 46460 | AB25: 6201353160MC5424 | AC25: 46059 | AD25: 6201353160070116 | AE25: 6201353160320116 | AF25: 6201353160310116 | AG25: 6201353160240419 | AH25: - | AI25: - | AJ25: 6201353160230418 | AK25: - | AL25: - | AM25: SMK Pelayaran | AN25: 081342903175
A26: 20 | B26: 20220371 | C26: AAN KHAYUN ASNGADI | D26: MASINIS I | E26: DARAT BIASA | F26: BC. BANJARMASIN RAYA | G26: F | H26: fenru samosir | I26: 45757 | J26: 2 tahun 6 bulan 4 hari | K26: 0 tahun 2 bulan 21 hari | L26: 33 tahun 1 bulan 6 hari | M26: ATT-IV | N26: 6200386029T40221 | O26: 46288 | P26: 44396 | Q26: 44424 | R26: 44646 | T26: 6200386029060321 | U26: 46119 | V26: 6200386029010322 | W26: 46552 | X26: 6200386029040321 | Y26: 46119 | Z26: F 231272 | AA26: 45840 | AB26: 6200386029MC9225 | AC26: 46456 | AD26: 6200386029070222 | AE26: 6200386029320222 | AF26: 6200386029310222 | AG26: - | AH26: - | AI26: 6200386029420222 | AJ26: - | AK26: - | AL26: - | AM26: SMK N 1 PURING | AN26: 081326267760, 6281296163356
A27: 21 | B27: 20040174 | C27: FREDERICK NINGKA TANGKUDUNG | D27: SERANG | E27: PENDING CUTI | F27: BC. BANJARMASIN RAYA | G27: F | H27: fenru samosir | I27: 45574 | J27: 24 tahun 1 bulan 27 hari | K27: 0 tahun 8 bulan 22 hari | L27: 65 tahun 3 bulan 29 hari | M27: ANT-D | N27: 6201005651340517 | O27: 46461 | P27: 44392 | Q27: 44426 | R27: 44706 | T27: 6201005651061124 | U27: 47339 | V27: 6201005651011124 | W27: 47339 | X27: 6201005651041124 | Y27: 47344 | Z27: F 287526 | AA27: 46329 | AB27: 6201005651MC7224 | AC27: 46229 | AD27: 6201005651070715 | AE27: 6201005651320517 | AF27: 6201005651310715 | AG27: - | AH27: 6201005651340517 | AI27: - | AJ27: - | AK27: - | AL27: - | AM27: UMUM | AN27: 08165456864
A28: 22 | B28: 20140532 | C28: MOH. DARTO | D28: JURU MUDI | E28: PENDING CUTI | F28: BC. BANJARMASIN RAYA | G28: F | H28: fenru samosir | I28: 45724 | J28: 9 tahun 8 bulan 28 hari | K28: 0 tahun 3 bulan 23 hari | L28: 34 tahun 2 bulan 16 hari | M28: ANT-V | N28: 6200361767N50514 | O28: 45875 | P28: 44411 | Q28: 44435 | R28: 44737 | T28: 6200361767060523 | U28: 47098 | V28: 6200361767010522 | W28: 46639 | X28: 6200361767040523 | Y28: 47098 | Z28: I 042161 | AA28: 46172 | AB28: 6200361767MC7224 | AC28: 46206 | AD28: 6200361767070513 | AE28: 6200361767320518 | AF28: 6200361767310514 | AG28: 6200361767240523 | AH28: - | AI28: - | AJ28: - | AK28: - | AL28: - | AM28: umum | AN28: 081335355565
A29: 23 | B29: 20190296 | C29: AHMAD FAUZI | D29: JURU MINYAK | E29: DARAT BIASA | F29: BC. BANJARMASIN RAYA | G29: F | H29: fenru samosir | I29: 45661 | J29: 3 tahun 0 bulan 13 hari | K29: 0 tahun 5 bulan 27 hari | L29: 30 tahun 8 bulan 15 hari | M29: ATT-D | N29: 6211416027420522 | O29: 45977 | P29: 44392 | Q29: 44460 | R29: 44652 | T29: 6211416027060520 | U29: 45936 | V29: 6211416027010524 | W29: 47294 | X29: 6211416027040521 | Y29: 46034 | Z29: G 123569 | AA29: 46327 | AB29: 6211416027MC7224 | AC29: 45989 | AD29: 6211416027070514 | AE29: 6211416027320114 | AF29: 6211416027310114 | AG29: - | AH29: - | AI29: 6201005651340517 | AJ29: - | AK29: - | AL29: - | AM29: SMA Bangkalan | AN29: 085354016966
A30: 24 | B30: 20240196 | C30: RENDI OKI ALFIANSYAH | D30: JURU MINYAK | E30: BC. BANJARMASIN RAYA | F30: BC. BANJARMASIN RAYA | G30: F | H30: fenru samosir | I30: 45503 | J30: 0 tahun 11 bulan 1 hari | K30: 0 tahun 11 bulan 1 hari | L30: 24 tahun 0 bulan 0 hari | M30: ATT-D | N30: 6212110321420524 | O30: 47149 | P30: 44282 | Q30: 44433 | R30: 44769 | T30: 6212110321060521 | U30: 46147 | V30: 6212110321010521 | W30: 46126 | X30: 6212110321040522 | Y30: 46611 | Z30: G 085115 | AA30: 46166 | AB30: 6212110321MC7224 | AC30: 46184 | AD30: 6212110321070524 | AE30: 6212110321320524 | AF30: 6212110321310521 | AG30: - | AH30: - | AI30: 6212110321420524 | AJ30: - | AK30: - | AL30: - | AM30: SMK PGRI 6 | AN30: 082141168744
A31: 25 | B31: 20070155 | C31: ADI PURWANTO | D31: NAKHODA | E31: PENDING CUTI | F31: BC. BAYA | G31: F | H31: fenru samosir | I31: 45682 | J31: 5 tahun 10 bulan 25 hari | K31: 0 tahun 5 bulan 6 hari | L31: 40 tahun 1 bulan 12 hari | M31: ANT-III | N31: 6200204861M30123 | O31: 46968 | P31: 44411 | Q31: 44554 | R31: 44644 | T31: 6200204861060521 | U31: 46322 | V31: 6200204861010525 | W31: 47589 | X31: 6200204861040525 | Y31: 47589 | Z31: J 030928 | AA31: 46552 | AB31: 6200204861MC7225 | AC31: 46491 | AD31: 6200204861070515 | AE31: - | AF31: 6200204861310516 | AG31: 6200204861240522 | AH31: - | AI31: - | AJ31: 6200204861230516 | AK31: - | AL31: - | AM31: DIKLAT ANT-IV | AN31: 03160440010, 03160440010, 085347728866
A32: 26 | B32: 20050291 | C32: PURWANTO | D32: MUALIM I | E32: PENDING CUTI | F32: BC. BAYA | G32: F | H32: fenru samosir | I32: 45725 | J32: 11 tahun 0 bulan 19 hari | K32: 0 tahun 3 bulan 22 hari | L32: 51 tahun 11 bulan 15 hari | M32: ANT-V | N32: 6200360222M50517 | O32: 46378 | P32: 44434 | Q32: 44485 | R32: 44665 | T32: 6200360222060520 | U32: 45859 | V32: 6200360222010520 | W32: 45848 | X32: 6200360222040520 | Y32: 45859 | Z32: F 222280 | AA32: 46127 | AB32: 6200360222MC7224 | AC32: 46267 | AD32: 6200360222070511 | AE32: - | AF32: 6200360222310516 | AG32: 6200360222240522 | AH32: - | AI32: - | AJ32: - | AK32: - | AL32: - | AM32: UMUM | AN32: 081335627908
A33: 27 | B33: 20130927 | C33: ARIS AMBORO | D33: MUALIM II | E33: PENDING CUTI | F33: BC. BAYA | G33: F | H33: fenru samosir | I33: 45621 | J33: 8 tahun 9 bulan 22 hari | K33: 0 tahun 7 bulan 6 hari | L33: 34 tahun 2 bulan 21 hari | M33: ANT-IV | N33: 6201576699N40524 | O33: 47384 | P33: 44381 | Q33: 44412 | R33: 44616 | T33: 6201576699060522 | U33: 46394 | V33: 6201576699010522 | W33: 46394 | X33: 6201576699040522 | Y33: 46394 | Z33: K 002455 | AA33: 46748 | AB33: 6201576699MC7223 | AC33: 45927 | AD33: 6201576699070517 | AE33: 6201576699320516 | AF33: 6201576699310515 | AG33: 6201576699240524 | AH33: - | AI33: - | AJ33: - | AK33: - | AL33: - | AM33: UMUM | AN33: 085752595651
A34: 28 | B34: 20050306 | C34: AGUS TRIYANA | D34: KKM | E34: PENDING CUTI | F34: BC. BAYA | G34: F | H34: fenru samosir | I34: 45537 | J34: 31 tahun 9 bulan 2 hari | K34: 0 tahun 9 bulan 29 hari | L34: 55 tahun 10 bulan 3 hari | M34: ATT-IV | N34: 6200125380S40317 | O34: 46372 | P34: 44434 | Q34: 44477 | R34: 44741 | S34: 45176 | T34: 6200125380060321 | U34: 46357 | V34: 6200125380010321 | W34: 46358 | X34: 6200125380040321 | Y34: 46356 | Z34: F 234559 | AA34: 46171 | AB34: 6200125380MC0124 | AC34: 46207 | AD34: 6200125380070316 | AE34: - | AF34: 6200125380310315 | AG34: 6200125380240315 | AH34: - | AI34: - | AJ34: - | AK34: - | AL34: - | AM34: UMUM | AN34: 081216217512
A35: 29 | B35: 20120203 | C35: BAMBANG BUDI PURWANTO | D35: MASINIS I | E35: DARAT BIASA | F35: BC. BAYA | G35: F | H35: fenru samosir | I35: 45559 | J35: 1 tahun 4 bulan 4 hari | K35: 0 tahun 9 bulan 7 hari | L35: 49 tahun 1 bulan 1 hari | M35: ATT-III | N35: 6200499982C30317 | O35: 46554 | P35: 44414 | Q35: 44515 | R35: 44617 | T35: 6200499982060320 | U35: 45911 | V35: 6200499982010320 | W35: 45911 | X35: 6200499982040320 | Y35: 45911 | Z35: J 088818 | AA35: 46662 | AB35: 6200499982MC7224 | AC35: 46051 | AD35: 6200499982070310 | AE35: - | AF35: 6200499982310516 | AG35: - | AH35: - | AI35: - | AJ35: - | AK35: - | AL35: - | AM35: AMI Medan | AN35: 081230530366
A36: 30 | B36: 20040581 | C36: SUMARTONO | D36: MASINIS II | E36: PENDING CUTI | F36: BC. BAYA | G36: F | H36: fenru samosir | I36: 45787 | J36: 21 tahun 0 bulan 16 hari | K36: 0 tahun 1 bulan 21 hari | L36: 55 tahun 2 bulan 20 hari | M36: ATT-V | N36: 6200419366S50516 | O36: 46477 | P36: 44392 | Q36: 44420 | R36: 44632 | T36: 6200419366060520 | U36: 45854 | V36: 6200419366010520 | W36: 45854 | X36: 6200419366040520 | Y36: 45854 | Z36: F 222268 | AA36: 46127 | AB36: 6200419366MC7224 | AC36: 46144 | AD36: 6200419366070515 | AE36: - | AF36: 6200419366310515 | AG36: 6200419366240522 | AH36: - | AI36: - | AJ36: - | AK36: - | AL36: - | AM36: UMUM | AN36: 081332145001, 081332145001
A37: 31 | B37: 20110689 | C37: RAMBLI WAWORUNTU | D37: JURU MUDI | E37: TB. SPIL BOAT | F37: BC. BAYA | G37: F | H37: fenru samosir | I37: 45766 | J37: 11 tahun 1 bulan 23 hari | K37: 0 tahun 2 bulan 12 hari | L37: 32 tahun 0 bulan 7 hari | M37: ANT-D | N37: 6201563386340519 | O37: 47325 | P37: 44393 | Q37: 44462 | R37: 44634 | T37: 6201563386060522 | U37: 46462 | V37: 6201563386010522 | W37: 46463 | X37: 6201563386040524 | Y37: 47447 | Z37: F 222281 | AA37: 46136 | AB37: 6201563386MC7224 | AC37: 46145 | AD37: - | AE37: 6201563386320517 | AF37: 6201563386310517 | AG37: - | AH37: 6201563386340519 | AI37: - | AJ37: - | AK37: - | AL37: - | AM37: UMUM | AN37: 081358580224, 081330965863
A38: 32 | B38: 20070260 | C38: SURATNO | D38: JURU MINYAK | E38: PENDING CUTI | F38: BC. BAYA | G38: F | H38: fenru samosir | I38: 45724 | J38: 18 tahun 1 bulan 1 hari | K38: 0 tahun 3 bulan 23 hari | L38: 46 tahun 11 bulan 8 hari | M38: ATT-D | N38: 6201040638420517 | O38: 46427 | P38: 44463 | Q38: 44496 | R38: 44749 | T38: 6201040638060521 | U38: 46378 | V38: 6201040638010521 | W38: 46378 | X38: 6201040638040521 | Y38: 46378 | Z38: F 222279 | AA38: 46127 | AB38: 6201040638MC7225 | AC38: 46378 | AD38: 6201040638070522 | AE38: 6201040638320516 | AF38: 6201040638310516 | AG38: - | AH38: - | AI38: 6201040638420517 | AJ38: - | AK38: - | AL38: - | AM38: UMUM | AN38: 0813482369926
A39: 33 | B39: 20040180 | C39: M. ASY'ARI AFANDI | D39: NAKHODA | E39: PENDING CUTI | F39: BC. BELAWAN RAYA | G39: F | H39: fenru samosir | I39: 45824 | J39: 4 tahun 1 bulan 5 hari | K39: 0 tahun 0 bulan 15 hari | L39: 50 tahun 0 bulan 24 hari | M39: ANT-III | N39: 6200120046N30521 | O39: 46163 | P39: 44392 | Q39: 44428 | R39: 44671 | T39: 6200120046060520 | U39: 45911 | V39: 6200120046010524 | W39: 47164 | X39: 6200120046040520 | Y39: 45911 | Z39: F 288252 | AA39: 45968 | AB39: 6200120046MC7224 | AC39: 46299 | AD39: 6200120046070515 | AE39: - | AF39: 6200120046310515 | AG39: 6200120046240521 | AH39: - | AI39: - | AJ39: - | AK39: - | AL39: - | AM39: SPM PELAYARAN | AN39: 082131115530, 081247704115
A40: 34 | B40: 20180365 | C40: SAIPUL SIHOMBING | D40: MUALIM I | E40: BC. KAIMANA INDAH | F40: BC. BELAWAN RAYA | G40: F | H40: fenru samosir | I40: 45599 | J40: 6 tahun 10 bulan 22 hari | K40: 0 tahun 7 bulan 28 hari | L40: 32 tahun 6 bulan 1 hari | M40: ANT-IV | N40: 6201472900N40518 | O40: 46836 | P40: 44365 | Q40: 44392 | R40: 44642 | T40: 6201472900060521 | U40: 46175 | V40: 6201472900010523 | W40: 46836 | X40: 6201472900040523 | Y40: 46836 | Z40: F 343367 | AA40: 45774 | AB40: 6201472900MC6224 | AC40: 46069 | AD40: 6201472900070518 | AE40: - | AF40: - | AG40: 6201472900240517 | AH40: - | AI40: - | AJ40: 6201472900230517 | AK40: - | AL40: - | AM40: DIKLAT ANT -IV | AN40: 081311674347, 085852817081
A41: 35 | B41: 20170547 | C41: HERU HARNOWO | D41: MUALIM II | E41: BC. BELAWAN RAYA | F41: BC. BELAWAN RAYA | G41: F | H41: fenru samosir | I41: 45670 | J41: 7 tahun 7 bulan 9 hari | K41: 0 tahun 5 bulan 18 hari | L41: 31 tahun 10 bulan 1 hari | M41: ANT-V | N41: 6201098609N50518 | O41: 46828 | P41: 44389 | Q41: 44554 | R41: 44644 | T41: 6201098609060522 | U41: 46467 | V41: 6201098609010522 | W41: 46467 | X41: 6201098609040522 | Y41: 46467 | Z41: J 051861 | AA41: 46635 | AB41: 6201098609MC7224 | AC41: 46374 | AD41: 6201098609070517 | AE41: 6201098609320517 | AF41: 6201098609310517 | AG41: 6201098609240523 | AH41: - | AI41: - | AJ41: - | AK41: - | AL41: - | AM41: DIKLAT ANT-D | AN41: 081330463099
A42: 36 | B42: 20050201 | C42: MURSALIM | D42: KKM | E42: PENDING CUTI | F42: BC. BELAWAN RAYA | G42: F | H42: fenru samosir | I42: 45574 | J42: 6 tahun 11 bulan 20 hari | K42: 0 tahun 8 bulan 22 hari | L42: 49 tahun 9 bulan 7 hari | M42: ATT-IV | N42: 6201027303S40517 | O42: 46335 | P42: 44380 | Q42: 44417 | R42: 44615 | T42: 6201027303060520 | U42: 45872 | V42: 6201027303010520 | W42: 45872 | X42: 6201027303040520 | Y42: 45872 | Z42: F 106950 | AA42: 45807 | AB42: 6201027303MC7225 | AC42: 46403 | AD42: 6201027303070515 | AE42: - | AF42: 6201027303310516 | AG42: 6201027303240523 | AH42: - | AI42: - | AJ42: - | AK42: - | AL42: - | AM42: diklat ATT-IV | AN42: bimanovalliansy, 082254744957
A43: 37 | B43: 20050601 | C43: SUGIANTO | D43: MASINIS I | E43: PENDING CUTI | F43: BC. BELAWAN RAYA | G43: F | H43: fenru samosir | I43: 45801 | J43: 19 tahun 9 bulan 21 hari | K43: 0 tahun 1 bulan 7 hari | L43: 41 tahun 8 bulan 21 hari | M43: ATT-IV | N43: 6200141153T40121 | O43: 46077 | P43: 44391 | Q43: 44434 | R43: 44617 | T43: 6200141153060521 | U43: 46099 | V43: 6200141153010521 | W43: 46099 | X43: 6200141153040521 | Y43: 46124 | Z43: J 051786 | AA43: 46633 | AB43: 6200141153MC7224 | AC43: 46375 | AD43: 6200141153070516 | AE43: - | AF43: 6200141153310516 | AG43: 6200141153240120 | AH43: - | AI43: - | AJ43: - | AK43: - | AL43: - | AM43: UMUM | AN43: 0313899134, 081331393615
A44: 38 | B44: 20050009 | C44: JUWADI | D44: MASINIS II | E44: PENDING CUTI | F44: BC. BELAWAN RAYA | G44: F | H44: fenru samosir | I44: 45636 | J44: 26 tahun 7 bulan 25 hari | K44: 0 tahun 6 bulan 21 hari | L44: 57 tahun 3 bulan 14 hari | M44: ATT-IV | N44: 6201009210S40520 | O44: 47441 | P44: 44499 | Q44: 44558 | R44: 44750 | T44: 6201009210060522 | U44: 46415 | V44: 6201009210010522 | W44: 46441 | X44: 6201009210040522 | Y44: 46415 | Z44: I 081332 | AA44: 46271 | AB44: 6201009210MC7224 | AC44: 46221 | AD44: 6201009210070517 | AE44: - | AF44: 6201009210310514 | AG44: 6201009210240514 | AH44: - | AI44: - | AJ44: - | AK44: - | AL44: - | AM44: POLTEKPEL SURABAYA | AN44: 0321875135, 0321710704, 085330614694, 085330614694
A45: 39 | B45: 20050717 | C45: MOCHAMAD CHOIRUL ANAM | D45: JURU MUDI | E45: PENDING CUTI | F45: BC. BELAWAN RAYA | G45: F | H45: fenru samosir | I45: 45650 | J45: 19 tahun 6 bulan 10 hari | K45: 0 tahun 6 bulan 7 hari | L45: 41 tahun 3 bulan 11 hari | M45: ANT-D | N45: 6201009219340519 | O45: 47325 | P45: 44394 | Q45: 44427 | R45: 44635 | S45: 44988 | T45: 6201009219060522 | U45: 46733 | V45: 6201009219010522 | W45: 46728 | X45: 6201009219040523 | Y45: 47099 | Z45: F 118502 | AA45: 45750 | AB45: 6201009219MC7223 | AC45: 45941 | AD45: 6201009219070522 | AE45: 6201009219320518 | AF45: 6201009219310518 | AG45: - | AH45: 6201009219340519 | AI45: - | AJ45: - | AK45: - | AL45: - | AM45: UMUM | AN45: 082141345520, 082299966715
A46: 40 | B46: 20210002 | C46: MOCH. EDY PURWANTO | D46: JURU MINYAK | E46: PENDING CUTI | F46: BC. BELAWAN RAYA | G46: F | H46: fenru samosir | I46: 45682 | J46: 4 tahun 5 bulan 24 hari | K46: 0 tahun 5 bulan 6 hari | L46: 23 tahun 9 bulan 18 hari | M46: ATT-D | N46: 6211783690350720 | O46: 47540 | P46: 44417 | Q46: 44439 | R46: 44704 | T46: 6211783690060124 | U46: 47332 | V46: 6211783690012423 | W46: 46799 | X46: BAROMBONG | Y46: 47547 | Z46: G 031022 | AA46: 45949 | AB46: 6211783690MC7224 | AC46: 46256 | AD46: 6211783690070223 | AE46: 6211783690320223 | AF46: 6211783690310119 | AG46: - | AH46: - | AI46: - | AJ46: - | AK46: 6211783690350720 | AL46: - | AM46: UMUM | AN46: 081335829195
A47: 41 | B47: 20040058 | C47: RAHMAD BUDIONO | D47: NAKHODA | E47: DARAT BIASA | F47: BC. EPSILON | G47: F | H47: fenru samosir | I47: 45560 | J47: 28 tahun 2 bulan 15 hari | K47: 0 tahun 9 bulan 6 hari | L47: 50 tahun 2 bulan 0 hari | M47: ANT-IV | N47: 6200139919M40316 | O47: 46243 | P47: 44396 | Q47: 44417 | R47: 44615 | T47: 6200139919060320 | U47: 45945 | V47: 6200139919010520 | W47: 45928 | X47: 6200139919040520 | Y47: 45928 | Z47: F 268445 | AA47: 46275 | AB47: 6200139919MC10823 | AC47: 45879 | AD47: 6200139919070510 | AE47: - | AF47: 6200139919310515 | AG47: 6200139919240515 | AH47: - | AI47: - | AJ47: - | AK47: - | AL47: - | AM47: UMUM | AN47: 082112299990
A48: 42 | B48: 20040350 | C48: ASMINAL | D48: MUALIM I | E48: PENDING CUTI | F48: BC. EPSILON | G48: F | H48: fenru samosir | I48: 45629 | J48: 24 tahun 9 bulan 12 hari | K48: 0 tahun 6 bulan 28 hari | L48: 53 tahun 4 bulan 18 hari | M48: ANT-V | N48: 6200141061M50517 | O48: 46491 | P48: 44389 | Q48: 44420 | R48: 44631 | T48: 6200141061060520 | U48: 46005 | V48: 6200141061010520 | W48: 46005 | X48: 6200141061040520 | Y48: 46005 | Z48: H 092739 | AA48: 45975 | AB48: 6200141061MC7224 | AC48: 46333 | AD48: 6200141061070515 | AE48: - | AF48: 6200141061310516 | AG48: 6200141061240522 | AH48: - | AI48: - | AJ48: - | AK48: - | AL48: - | AM48: UMUM | AN48: 0313012387, 08155015974
A49: 43 | B49: 20050341 | C49: IKBAL | D49: KKM | E49: PENDING CUTI | F49: BC. EPSILON | G49: F | H49: fenru samosir | I49: 45629 | J49: 7 tahun 3 bulan 17 hari | K49: 0 tahun 6 bulan 28 hari | L49: 43 tahun 5 bulan 19 hari | M49: ATT-III | N49: 6200419353T30523 | O49: 46819 | P49: 44392 | Q49: 44436 | R49: 44642 | T49: 6200419353060520 | U49: 45992 | V49: 6200419353010520 | W49: 45992 | X49: 6200419353040520 | Y49: 45992 | Z49: F 070987 | AA49: 45901 | AB49: 6200419353MC9624 | AC49: 46315 | AD49: 6200419353070522 | AE49: 6200419353320217 | AF49: 6200419353310515 | AG49: 6200419353240217 | AH49: - | AI49: - | AJ49: - | AK49: - | AL49: - | AM49: DIKLAT ATT-IV | AN49: 0313294497, 081252527780
A50: 44 | B50: 20050211 | C50: TEXAS DAENG HARD HARIMU | D50: MASINIS I | E50: PENDING CUTI | F50: BC. EPSILON | G50: F | H50: fenru samosir | I50: 45787 | J50: 6 tahun 9 bulan 27 hari | K50: 0 tahun 1 bulan 21 hari | L50: 49 tahun 7 bulan 10 hari | M50: ATT-IV | N50: 6201036613S40520 | O50: 45873 | P50: 44379 | Q50: 44410 | R50: 44610 | T50: 6201036613060521 | U50: 46362 | V50: 6201036613010521 | W50: 46362 | X50: 6201036613040521 | Y50: 46362 | Z50: F 268496 | AA50: 46277 | AB50: 6201036613MC4624 | AC50: 46232 | AD50: 6201036613070516 | AE50: - | AF50: 6201036613310516 | AG50: 6201036613240522 | AH50: - | AI50: - | AJ50: - | AK50: - | AL50: - | AM50: DIKLAT ATT-IV | AN50: 0313724402, 082148392824
A51: 45 | B51: 20110610 | C51: ARMAN AFANDI | D51: JURU MUDI | E51: PENDING CUTI | F51: BC. EPSILON | G51: F | H51: fenru samosir | I51: 45754 | J51: 10 tahun 8 bulan 1 hari | K51: 0 tahun 2 bulan 24 hari | L51: 42 tahun 1 bulan 7 hari | M51: ANT-D | N51: 6200203358340517 | O51: 46719 | P51: 44392 | Q51: 44532 | R51: 44631 | S51: 45022 | T51: 6200203358060520 | U51: 45936 | V51: 6200203358010522 | W51: 46469 | X51: 6200203358040523 | Y51: 46764 | Z51: G 031154 | AA51: 45953 | AB51: 6200203358MC10823 | AC51: 46004 | AD51: 6200203358070514 | AE51: 6200203358320517 | AF51: 6200203358310514 | AG51: - | AH51: 6200203358340517 | AI51: - | AJ51: - | AK51: - | AL51: - | AM51: umum | AN51: 085732274081
A52: 46 | B52: 20080225 | C52: MUZAINI | D52: JURU MUDI | E52: PENDING CUTI | F52: BC. EPSILON | G52: F | H52: fenru samosir | I52: 45770 | J52: 2 tahun 3 bulan 15 hari | K52: 0 tahun 2 bulan 8 hari | L52: 48 tahun 5 bulan 28 hari | M52: ANT-D | N52: 6200351159340515 | O52: 45839 | P52: 44225 | Q52: 44406 | R52: 44823 | T52: 6200351159060524 | U52: 47437 | V52: 6200351159010524 | W52: 47437 | X52: 6200351159040524 | Y52: 47437 | Z52: G 124421 | AA52: 46363 | AB52: 6200351159MC9625 | AC52: 46463 | AD52: 6200351159070515 | AE52: 6200351159320517 | AF52: 6200351159310515 | AG52: - | AH52: 6200351159340515 | AI52: - | AJ52: - | AK52: - | AL52: - | AM52: SMA BENGKALAN | AN52: 085730450664
A53: 47 | B53: 20250049 | C53: IVAN SUSANTO | D53: JURU MINYAK | E53: BC. EPSILON | F53: BC. EPSILON | G53: F | H53: fenru samosir | I53: 45722 | J53: 0 tahun 3 bulan 25 hari | K53: 0 tahun 3 bulan 25 hari | L53: 24 tahun 2 bulan 27 hari | M53: ATT-D | N53: 6212135261350523 | O53: 46966 | P53: 44308 | Q53: 44429 | R53: 44641 | T53: 6212135261060523 | U53: 46972 | V53: 6212135261010621 | W53: 46330 | X53: 6212135261040621 | Y53: 46348 | Z53: H 059918 | AA53: 45969 | AB53: 6212135261MC5424 | AC53: 46348 | AD53: POKTELPEL | AE53: POLTEKPEL | AF53: 6212135261310523 | AG53: - | AH53: - | AI53: POLTEKPEL | AJ53: - | AK53: 6212135261350523 | AL53: - | AM53: SMA II | AN53: 085921303320, 085396778593, 081524838735, 085959472278
A54: 48 | B54: 20210102 | C54: MUH. RAUF BAHAR | D54: JURU MINYAK | E54: PENDING CUTI | F54: BC. EPSILON | G54: F | H54: fenru samosir | I54: 45601 | J54: 4 tahun 3 bulan 3 hari | K54: 0 tahun 7 bulan 26 hari | L54: 25 tahun 2 bulan 0 hari | M54: ATT-D | N54: 6211925787420521 | O54: 47325 | P54: 44392 | Q54: 44436 | R54: 44624 | T54: 6211925787060524 | U54: 47273 | V54: 6211925787010524 | W54: 47273 | X54: 6211925787040521 | Y54: 46093 | Z54: F 266570 | AA54: 46283 | AB54: 6211925787MC5425 | AC54: 46467 | AD54: 6211925787070522 | AE54: - | AF54: 6211925787310519 | AG54: - | AH54: - | AI54: 6211925787420521 | AJ54: - | AK54: - | AL54: - | AM54: UMUM | AN54: 082259879007
A55: 49 | B55: 20170047 | C55: SYEH RIZHAL MAHDI BAHABAZI | D55: NAKHODA | E55: TB. GAMMA SATU | F55: BC. GAJAH LAUT | G55: F | H55: fenru samosir | I55: 45636 | J55: 8 tahun 4 bulan 27 hari | K55: 0 tahun 6 bulan 21 hari | L55: 40 tahun 11 bulan 23 hari | M55: ANT-III | N55: 6200466379M30522 | O55: 46559 | P55: 44434 | Q55: 44464 | R55: 44646 | T55: 6200466379060520 | U55: 45865 | V55: 6200466379010520 | W55: 45851 | X55: 6200466379040520 | Y55: 45865 | Z55: I 062425 | AA55: 46441 | AB55: 6200466379MC7224 | AC55: 46129 | AD55: 6200466379070515 | AE55: - | AF55: 6200466379310515 | AG55: 6200466379240515 | AH55: - | AI55: - | AJ55: 6200466379230515 | AK55: - | AL55: - | AM55: POLTEKPEL SURABAYA | AN55: 085257000224
A56: 50 | B56: 20110507 | C56: SUGIANTO | D56: MUALIM I | E56: PENDING CUTI | F56: BC. GAJAH LAUT | G56: F | H56: fenru samosir | I56: 45698 | J56: 4 tahun 7 bulan 8 hari | K56: 0 tahun 4 bulan 21 hari | L56: 30 tahun 11 bulan 21 hari | M56: ANT-III | N56: 6201309026N30420 | O56: 45874 | P56: 44398 | Q56: 44435 | R56: 44664 | T56: 6201309026060420 | U56: 45914 | V56: 6201309026010420 | W56: 45914 | X56: 6201309026040420 | Y56: 45914 | Z56: K 013844 | AA56: 46830 | AB56: 6201309026MC5424 | AC56: 46171 | AD56: 6201309026070616 | AE56: - | AF56: 6201309026310616 | AG56: 6201309026240616 | AH56: - | AI56: - | AJ56: - | AK56: - | AL56: - | AM56: BPLP MAKASAR | AN56: 085342512191
A57: 51 | B57: 20160611 | C57: MUHAMMAD SAUQI MAULANA | D57: MUALIM II | E57: BC. GAJAH LAUT | F57: BC. GAJAH LAUT | G57: F | H57: fenru samosir | I57: 45776 | J57: 2 tahun 10 bulan 13 hari | K57: 0 tahun 2 bulan 2 hari | L57: 27 tahun 9 bulan 24 hari | M57: ANT-V | N57: 6211439256N55322 | O57: 46534 | P57: 44460 | Q57: 44483 | R57: 44632 | T57: 6211439256060321 | U57: 46169 | V57: 6211439256010524 | W57: 47359 | X57: 6211439256040321 | Y57: 46169 | Z57: G 048985 | AA57: 46061 | AB57: 6211439256MC7225 | AC57: 46529 | AD57: 6211439256070315 | AE57: 6211439256324921 | AF57: 6211439256310315 | AG57: - | AH57: - | AI57: - | AJ57: - | AK57: - | AL57: - | AM57: SMKN 1 KALIPURO | AN57: 081379181680
A58: 52 | B58: 20040215 | C58: SUWARNO | D58: KKM | E58: PENDING CUTI | F58: BC. GAJAH LAUT | G58: F | H58: fenru samosir | I58: 45740 | J58: 37 tahun 8 bulan 19 hari | K58: 0 tahun 3 bulan 7 hari | L58: 60 tahun 1 bulan 24 hari | M58: ATT-III | N58: 6200503082S30317 | O58: 46265 | P58: 44398 | Q58: 44460 | R58: 44664 | T58: 6200503082060520 | U58: 45945 | V58: 6200503082010520 | W58: 45945 | X58: 6200503082040520 | Y58: 45945 | Z58: G 048986 | AA58: 46057 | AB58: 6200503082MC7224 | AC58: 46191 | AD58: 6200503082070514 | AE58: - | AF58: 6200503082310514 | AG58: 6200503082240514 | AH58: - | AI58: - | AJ58: - | AK58: - | AL58: - | AM58: BAKTI SAMUDRA | AN58: 081248238796
A59: 53 | B59: 20090832 | C59: KHULUM SYUHADAK | D59: MASINIS I | E59: PENDING CUTI | F59: BC. GAJAH LAUT | G59: F | H59: fenru samosir | I59: 45801 | J59: 12 tahun 6 bulan 17 hari | K59: 0 tahun 1 bulan 7 hari | L59: 37 tahun 3 bulan 29 hari | M59: ATT-V | N59: 6200361051S50517 | O59: 46378 | P59: 44460 | Q59: 44483 | R59: 44664 | T59: 6200361051060520 | U59: 45971 | V59: 6200361051010522 | W59: 46569 | X59: 6200361051040520 | Y59: 45971 | Z59: G 048984 | AA59: 46057 | AB59: 6200361051MC7225 | AC59: 46529 | AD59: 6200361051070516 | AE59: - | AF59: 6200361051310516 | AG59: 6200361051240523 | AH59: - | AI59: - | AJ59: - | AK59: - | AL59: - | AM59: UMUM | AN59: 085731718309
A60: 54 | B60: 20120548 | C60: MOKHAMMAD HERMANTO | D60: JURU MUDI | E60: BC. TENYO MARU | F60: BC. GAJAH LAUT | G60: F | H60: fenru samosir | I60: 45737 | J60: 11 tahun 0 bulan 17 hari | K60: 0 tahun 3 bulan 10 hari | L60: 40 tahun 8 bulan 15 hari | M60: ANT-D | N60: 6201553367340517 | O60: 46421 | P60: 44398 | Q60: 44442 | R60: 44669 | T60: 6201553367060522 | U60: 46397 | V60: 6201553367010522 | W60: 46397 | X60: 6201553367040522 | Y60: 46394 | Z60: J 051898 | AA60: 46635 | AB60: 6201553367MC7224 | AC60: 46145 | AD60: 6201553367070517 | AE60: 6201553367320517 | AF60: 6201553367310517 | AG60: - | AH60: 6201553367340517 | AI60: - | AJ60: - | AK60: - | AL60: - | AM60: umum | AN60: 085233646449
A61: 55 | B61: 20150604 | C61: SOFYAN MAARIF | D61: JURU MINYAK | E61: PENDING CUTI | F61: BC. GAJAH LAUT | G61: F | H61: fenru samosir | I61: 45629 | J61: 7 tahun 6 bulan 11 hari | K61: 0 tahun 6 bulan 28 hari | L61: 32 tahun 7 bulan 11 hari | M61: ATT-D | N61: 6202088211420517 | O61: 46621 | P61: 44404 | Q61: 44448 | R61: 44664 | T61: - | U61: 47618 | V61: 6202088211010522 | W61: 46477 | X61: - | Y61: 47618 | Z61: J 109778 | AA61: 46734 | AB61: 6202088211MC7223 | AC61: 45939 | AD61: 6202088211070514 | AE61: 6202088211320517 | AF61: 6202088211310515 | AG61: - | AH61: - | AI61: 6202088211420517 | AJ61: - | AK61: - | AL61: - | AM61: poltekpel | AN61: 081252568725, 081235254183, 081235254183
A62: 56 | B62: 20120984 | C62: TATANG TARYANA | D62: JURU MINYAK | E62: PENDING CUTI | F62: BC. GAJAH LAUT | G62: F | H62: fenru samosir | I62: 45768 | J62: 8 tahun 6 bulan 28 hari | K62: 0 tahun 2 bulan 10 hari | L62: 34 tahun 5 bulan 22 hari | M62: ATT-D | N62: 6201109407420216 | O62: 46333 | P62: 44460 | Q62: 44483 | R62: 44664 | T62: 6201109407060725 | U62: 47645 | V62: 6201109407010724 | W62: 47408 | X62: 6201109407040520 | Y62: 45840 | Z62: I 080978 | AA62: 46263 | AB62: 6201109407MC3324 | AC62: 46141 | AD62: 6201109407070515 | AE62: - | AF62: 6201109407310714 | AG62: - | AH62: - | AI62: 6201109407420216 | AJ62: - | AK62: - | AL62: - | AM62: UMUM | AN62: 085250048575
A63: 57 | B63: 20050162 | C63: AKRI JUNUS APELIA | D63: NAKHODA | E63: BC. MURO 5 | F63: BC. GAJAH MADA | G63: F | H63: fenru samosir | I63: 45679 | J63: 27 tahun 3 bulan 27 hari | K63: 0 tahun 5 bulan 9 hari | L63: 57 tahun 5 bulan 27 hari | M63: ANT-III | N63: 6200149443N35224 | O63: 47415 | P63: 44408 | Q63: 44488 | R63: 44651 | T63: 6200149443060321 | U63: 46244 | V63: 6200149443010321 | W63: 46258 | X63: 6200149443040321 | Y63: 46258 | Z63: F 232502 | AA63: 46211 | AB63: 6200149443MC4624 | AC63: 46341 | AD63: 6200149443070316 | AE63: - | AF63: 6200149443310417 | AG63: 6200149443240316 | AH63: - | AI63: - | AJ63: - | AK63: - | AL63: - | AM63: UMUM | AN63: 0317412358
A64: 58 | B64: 20180068 | C64: TRIYONO | D64: MUALIM I | E64: DARAT BIASA | F64: BC. GAJAH MADA | G64: F | H64: fenru samosir | I64: 45825 | J64: 4 tahun 9 bulan 6 hari | K64: 0 tahun 0 bulan 14 hari | L64: 44 tahun 3 bulan 18 hari | M64: ANT-IV | N64: 6201509973N40220 | O64: 45848 | P64: 44387 | Q64: 44418 | R64: 44646 | T64: 6201509973060120 | U64: 45924 | V64: 6201509973011120 | W64: 45931 | X64: 6201509973040520 | Y64: 45935 | Z64: F 321319 | AA64: 46442 | AB64: 6201509973MC7223 | AC64: 45904 | AD64: 6201509973070120 | AE64: 6201509973320220 | AF64: 6201509973310220 | AG64: 6201509973240220 | AH64: - | AI64: - | AJ64: - | AK64: - | AL64: - | AM64: UMUM | AN64: 081333027199, 082131868171
A65: 59 | B65: 20210352 | C65: ANDRO HALMAHERA | D65: MUALIM II | E65: PENDING GAJI | F65: BC. GAJAH MADA | G65: F | H65: fenru samosir | I65: 45577 | J65: 0 tahun 8 bulan 19 hari | K65: 0 tahun 8 bulan 19 hari | L65: 32 tahun 10 bulan 22 hari | M65: ANT-III | N65: 6211424816N30324 | O65: 47359 | P65: 44424 | Q65: 44468 | R65: 44657 | S65: 44988 | T65: 6211424816060324 | U65: 47365 | V65: 6211424816010324 | W65: 47360 | X65: 6211424816040324 | Y65: 47360 | Z65: H 037097 | AA65: 45815 | AB65: 6211424816MC6223 | AC65: 45873 | AD65: 6211424816070318 | AE65: - | AF65: 6211424816310318 | AG65: 6211424816240324 | AH65: - | AI65: - | AJ65: 6211424816230318 | AK65: - | AL65: - | AM65: SMKN surabaya | AN65: 081237896468
A66: 60 | B66: 20040473 | C66: MUJIB RIDWAN | D66: KKM | E66: PENDING CUTI | F66: BC. GAJAH MADA | G66: F | H66: fenru samosir | I66: 45601 | J66: 6 tahun 7 bulan 28 hari | K66: 0 tahun 7 bulan 26 hari | L66: 45 tahun 9 bulan 27 hari | M66: ATT-III | N66: 6201038979S30523 | O66: 47030 | P66: 44439 | Q66: 44474 | R66: 44646 | T66: 6201038979060520 | U66: 46006 | V66: 6201038979010520 | W66: 45985 | X66: 6201038979040520 | Y66: 46006 | Z66: F 246398 | AA66: 46254 | AB66: 6201038979MC7223 | AC66: 45918 | AD66: 6201038979070505 | AE66: - | AF66: - | AG66: 6201038979240522 | AH66: - | AI66: - | AJ66: - | AK66: - | AL66: - | AM66: DIKLAT ATT-III | AN66: 5965132, 081357663307
A67: 61 | B67: 20111035 | C67: CAHYA ABUYAMIN | D67: MASINIS I | E67: BC. ANGSA LAUT | F67: BC. GAJAH MADA | G67: F | H67: fenru samosir | I67: 45827 | J67: 5 tahun 4 bulan 17 hari | K67: 0 tahun 0 bulan 12 hari | L67: 33 tahun 7 bulan 1 hari | M67: ATT-IV | N67: 6201589991T40520 | O67: 47471 | P67: 44392 | Q67: 44435 | R67: 44662 | T67: 6201589991060521 | U67: 46076 | V67: 6201589991010521 | W67: 46076 | X67: 6201589991040521 | Y67: 46076 | Z67: F 245285 | AA67: 46206 | AB67: 6201589991MC7225 | AC67: 46409 | AD67: 6201589991070516 | AE67: - | AF67: 6201589991310514 | AG67: 6201589991240519 | AH67: - | AI67: - | AJ67: - | AK67: - | AL67: - | AM67: STM Madiun | AN67: 089679160164
A68: 62 | B68: 20170486 | C68: KUMEDI | D68: MASINIS II | E68: BC. ANGSA LAUT | F68: BC. GAJAH MADA | G68: F | H68: fenru samosir | I68: 45813 | J68: 4 tahun 8 bulan 1 hari | K68: 0 tahun 0 bulan 26 hari | L68: 38 tahun 1 bulan 7 hari | M68: ATT-V | N68: 6201585358T50322 | O68: 46646 | P68: 44404 | Q68: 44427 | R68: 44646 | T68: 6201585358060322 | U68: 46530 | V68: 6201585358010320 | W68: 45915 | X68: 6201585358040322 | Y68: 46530 | Z68: J 015143 | AA68: 46551 | AB68: 6201585358MC3125 | AC68: 46532 | AD68: 6201585358070317 | AE68: 6201585358320315 | AF68: 6201585358310315 | AG68: 6201585358240323 | AH68: - | AI68: - | AJ68: - | AK68: - | AL68: - | AM68: UMUM | AN68: 081220058763
A69: 63 | B69: 20100796 | C69: NYONG HARIS | D69: JURU MUDI | E69: PENDING CUTI | F69: BC. GAJAH MADA | G69: F | H69: fenru samosir | I69: 45666 | J69: 14 tahun 6 bulan 16 hari | K69: 0 tahun 5 bulan 22 hari | L69: 42 tahun 3 bulan 8 hari | M69: ANT-D | N69: 6200428512340517 | O69: 46595 | P69: 44392 | Q69: 44411 | R69: 44650 | T69: 6200428512060520 | U69: 45986 | V69: 6200428512010320 | W69: 46042 | X69: 6200428512040520 | Y69: 46016 | Z69: H 071973 | AA69: 45940 | AB69: 6200428512MC7224 | AC69: 46218 | AD69: 6200428512070522 | AE69: 6200428512310522 | AF69: 6200428512310522 | AG69: - | AH69: 6200428512340517 | AI69: - | AJ69: - | AK69: - | AL69: - | AM69: UMUM | AN69: 081331513977, 081254255174
A70: 64 | B70: 20160416 | C70: SUMALI | D70: JURU MINYAK | E70: BC. ANGSA LAUT | F70: BC. GAJAH MADA | G70: F | H70: fenru samosir | I70: 45813 | J70: 8 tahun 10 bulan 21 hari | K70: 0 tahun 0 bulan 26 hari | L70: 47 tahun 0 bulan 4 hari | M70: ATT-D | N70: 6202111005420121 | O70: 46373 | P70: 44375 | Q70: 44403 | R70: 44646 | T70: 6202111005060721 | U70: 46356 | V70: 6202111005010524 | W70: 47230 | X70: 6202111005040721 | Y70: 46357 | Z70: J 030927 | AA70: 46552 | AB70: 6202111005MC7223 | AC70: 45895 | AD70: 6202111005070715 | AE70: 6202111005320523 | AF70: 6202111005310715 | AG70: - | AH70: - | AI70: 6202111005420121 | AJ70: - | AK70: - | AL70: - | AM70: umum | AN70: 082257507729
A71: 65 | B71: 20190197 | C71: SYAIFUL ANWAR | D71: JURU MINYAK | E71: PENDING CUTI | F71: BC. GAJAH MADA | G71: F | H71: fenru samosir | I71: 45666 | J71: 6 tahun 1 bulan 16 hari | K71: 0 tahun 5 bulan 22 hari | L71: 29 tahun 11 bulan 23 hari | M71: ATT-D | N71: 6211435899425318 | O71: 47043 | P71: 44393 | Q71: 44427 | R71: 44650 | T71: 6211435899060721 | U71: 46133 | V71: 6211435899010724 | W71: 47374 | X71: 6211435899040124 | Y71: 47461 | Z71: G 123888 | AA71: 46338 | AB71: 6211435899MC8325 | AC71: 46512 | AD71: 6211435899070715 | AE71: 6211435899350118 | AF71: 6211435899310715 | AG71: - | AH71: - | AI71: 6211435899425318 | AJ71: - | AK71: - | AL71: - | AM71: DIKLAT ATT-D | AN71: 081236744871
A72: 66 | B72: 20121098 | C72: SYAMSUL BAHRI | D72: JURU MINYAK | E72: PENDING CUTI | F72: BC. GAJAH MADA | G72: F | H72: fenru samosir | I72: 45818 | J72: 9 tahun 5 bulan 0 hari | K72: 0 tahun 0 bulan 21 hari | L72: 36 tahun 5 bulan 22 hari | M72: ATT-D | N72: 6200487546420619 | O72: 47325 | P72: 44396 | Q72: 44424 | R72: 44714 | T72: 6200487546060624 | U72: 47273 | V72: 6200487546010624 | W72: 47268 | X72: 6200487546040624 | Y72: 47255 | Z72: H 085365 | AA72: 45942 | AB72: 6200487546MC1723 | AC72: 45848 | AD72: 6200487546070624 | AE72: 6200487546320623 | AF72: 6200487546310419 | AG72: - | AH72: - | AI72: 6200487546020619 | AJ72: - | AK72: - | AL72: - | AM72: umum | AN72: 082287923911, 082287923911
A73: 67 | B73: 20080273 | C73: AGUS KISWOYO | D73: NAKHODA | E73: PENDING CUTI | F73: BC. KAIMANA INDAH | G73: F | H73: fenru samosir | I73: 45824 | J73: 7 tahun 6 bulan 10 hari | K73: 0 tahun 0 bulan 15 hari | L73: 35 tahun 10 bulan 14 hari | M73: ANT-IV | N73: 6200354067M40317 | O73: 46391 | P73: 44389 | Q73: 44560 | R73: 44714 | S73: 45097 | T73: 6200354067060321 | U73: 46379 | V73: 6200354067010321 | W73: 46379 | X73: 6200354067040321 | Y73: 46379 | Z73: F 233818 | AA73: 46145 | AB73: 6200354067MC7225 | AC73: 46367 | AD73: 6200354067070316 | AE73: - | AF73: 6200354067310316 | AG73: 6200354067240317 | AH73: - | AI73: - | AJ73: 6200354067230317 | AK73: - | AL73: - | AM73: DIKLAT ANT-IV | AN73: 082333994292, 082265071924
A74: 68 | B74: 20050371 | C74: DWI SETYO PRAYOGA | D74: MUALIM I | E74: PENDING CUTI | F74: BC. KAIMANA INDAH | G74: F | H74: fenru samosir | I74: 45832 | J74: 25 tahun 6 bulan 22 hari | K74: 0 tahun 0 bulan 7 hari | L74: 48 tahun 9 bulan 20 hari | M74: ANT-V | N74: 6200204158M50517 | O74: 46566 | P74: 44396 | Q74: 44421 | R74: 44653 | T74: 6200204158060520 | U74: 45972 | V74: 6200204158010522 | W74: 46723 | X74: 6200204158040520 | Y74: 45972 | Z74: F 288826 | AA74: 46353 | AB74: 6200204158MC7225 | AC74: 46520 | AD74: 6200204158070513 | AE74: - | AF74: 6200204158310516 | AG74: 6200204158240522 | AH74: - | AI74: - | AJ74: - | AK74: - | AL74: - | AM74: UMUM | AN74: 082152111874, 082198969919
A75: 69 | B75: 20180168 | C75: HADI SUPARIANTO | D75: MUALIM II | E75: DARAT BIASA | F75: BC. KAIMANA INDAH | G75: F | H75: fenru samosir | I75: 45773 | J75: 7 tahun 2 bulan 7 hari | K75: 0 tahun 2 bulan 5 hari | L75: 32 tahun 11 bulan 22 hari | M75: ANT-V | N75: 6201581216N50517 | O75: 46363 | P75: 44392 | Q75: 44473 | R75: 44641 | T75: 6201581216060521 | U75: 46070 | V75: 6201581216010521 | W75: 46086 | X75: 6201581216040520 | Y75: 45935 | Z75: J 093167 | AA75: 46669 | AB75: 6201581216MC7225 | AC75: 46450 | AD75: 6201581216070515 | AE75: 6201581216320516 | AF75: 6201581216310516 | AG75: - | AH75: - | AI75: - | AJ75: - | AK75: - | AL75: - | AM75: poltekpel | AN75: 082234015086, 0822334015086, 0822334015086
A76: 70 | B76: 20050709 | C76: MOH BISRI SAMSURI | D76: MASINIS I | E76: PENDING CUTI | F76: BC. KAIMANA INDAH | G76: F | H76: fenru samosir | I76: 45537 | J76: 19 tahun 6 bulan 14 hari | K76: 0 tahun 9 bulan 29 hari | L76: 40 tahun 2 bulan 9 hari | M76: ATT-V | N76: 6200413636S50517 | O76: 46469 | P76: 44396 | Q76: 44421 | R76: 44644 | S76: 45097 | T76: 6200413636060522 | U76: 46404 | V76: 6200413636010522 | W76: 46404 | X76: 6200413636040522 | Y76: 46404 | Z76: F 201396 | AA76: 46080 | AB76: 6200413636MC7224 | AC76: 46329 | AD76: 6200413636070513 | AE76: - | AF76: 6200413636310517 | AG76: 6200413636240522 | AH76: - | AI76: - | AJ76: - | AK76: - | AL76: - | AM76: UMUM | AN76: 082198961435, 082198961435
A77: 71 | B77: 20220085 | C77: ANDI BAHRIAN A. HAMIR | D77: MASINIS II | E77: PENDING GAJI | F77: BC. KAIMANA INDAH | G77: F | H77: fenru samosir | I77: 45829 | J77: 3 tahun 2 bulan 19 hari | K77: 0 tahun 0 bulan 10 hari | L77: 25 tahun 11 bulan 13 hari | M77: ATT-IV | N77: 6211929621T45221 | O77: 46329 | P77: 44445 | Q77: 44473 | R77: 44658 | T77: 6211929621065224 | U77: 47203 | V77: 6211929621015224 | W77: 47203 | X77: 6211929621045220 | Y77: 45987 | Z77: F 280331 | AA77: 46303 | AB77: 6211929621MC6224 | AC77: 46054 | AD77: 6211929621075219 | AE77: 6211929621325219 | AF77: 6211929621315219 | AG77: 6211929621245220 | AH77: - | AI77: - | AJ77: - | AK77: - | AL77: - | AM77: POLTEKPEL SULUT | AN77: 082249592793, 082290498068
A78: 72 | B78: 20050450 | C78: ALEXANDER KAPITAN | D78: SERANG | E78: PENDING CUTI | F78: BC. KAIMANA INDAH | G78: F | H78: fenru samosir | I78: 45682 | J78: 21 tahun 10 bulan 18 hari | K78: 0 tahun 5 bulan 6 hari | L78: 62 tahun 1 bulan 23 hari | M78: ANT-D | N78: 6200092098340519 | O78: 47325 | P78: 44394 | Q78: 44343 | R78: 44637 | T78: 6200092098060524 | U78: 47381 | V78: 6200092098010522 | W78: 46421 | X78: 6200092098040524 | Y78: 47381 | Z78: F 245698 | AA78: 46219 | AB78: 6200092098MC9624 | AC78: 46338 | AD78: 6200092098070523 | AE78: 6200092098320517 | AF78: 6200092098310517 | AG78: - | AH78: 6200092098340519 | AI78: - | AJ78: - | AK78: - | AL78: - | AM78: umum | AN78: 0317403028, 081249561510, 081249561510
A79: 73 | B79: 20200445 | C79: MOHKAMAD SAFII | D79: JURU MUDI | E79: PENDING CUTI | F79: BC. KAIMANA INDAH | G79: F | H79: fenru samosir | I79: 45824 | J79: 4 tahun 7 bulan 27 hari | K79: 0 tahun 0 bulan 15 hari | L79: 30 tahun 1 bulan 5 hari | M79: ANT-D | N79: 6202114427340518 | O79: 47070 | P79: 44392 | Q79: 44425 | R79: 44601 | T79: 6202114427060620 | U79: 45980 | V79: 6202114427010523 | W79: 46895 | X79: 6202114427040521 | Y79: 46278 | Z79: G 070308 | AA79: 45840 | AB79: 6202114427MC7225 | AC79: 46484 | AD79: 6202114427070523 | AE79: 6202114427320523 | AF79: 6202114427314115 | AG79: - | AH79: 6202114427340518 | AI79: - | AJ79: - | AK79: - | AL79: - | AM79: SPM HANG TUAH | AN79: 085335660534
A80: 74 | B80: 20180345 | C80: SATRIA WELFRIT DUMARIO | D80: JURU MUDI | E80: DARAT BIASA | F80: BC. KAIMANA INDAH | G80: F | H80: fenru samosir | I80: 45549 | J80: 0 tahun 10 bulan 1 hari | K80: 0 tahun 9 bulan 17 hari | L80: 29 tahun 2 bulan 12 hari | M80: ANT-D | N80: 6211745440330718 | O80: 47375 | P80: 44380 | Q80: 44417 | R80: 44737 | T80: 6211745440060723 | U80: 46976 | V80: 6211745440012722 | W80: 46670 | X80: 6211745440040723 | Y80: 46980 | Z80: J 051758 | AA80: 46629 | AB80: 6211745440MC4624 | AC80: 46283 | AD80: 6211745440070718 | AE80: 6211745440320523 | AF80: 6211745440310718 | AG80: - | AH80: - | AI80: - | AJ80: - | AK80: - | AL80: 6211745440330718 | AM80: Diklat PIP | AN80: 082344232700
A81: 75 | B81: 20160016 | C81: YAYAN DWI SUTANTO | D81: JURU MUDI | E81: PENDING CUTI | F81: BC. KAIMANA INDAH | G81: F | H81: fenru samosir | I81: 45604 | J81: 6 tahun 6 bulan 20 hari | K81: 0 tahun 7 bulan 23 hari | L81: 38 tahun 6 bulan 15 hari | M81: ANT-V | N81: 6200357972N52816 | O81: 46113 | P81: 44314 | Q81: 44343 | R81: 44608 | T81: - | U81: 47651 | V81: 6200357972010524 | W81: 47391 | X81: - | Y81: 47651 | Z81: F 268256 | AA81: 46269 | AB81: 6200357972MC7224 | AC81: 45913 | AD81: 6200357972070514 | AE81: - | AF81: 6200357972310514 | AG81: 6200357972240523 | AH81: - | AI81: - | AJ81: - | AK81: - | AL81: - | AM81: DIKLAT ANT-V | AN81: 085243892066, 085243892066
A82: 76 | B82: 20140257 | C82: EDY CAHYONO | D82: JURU MINYAK | E82: PENDING CUTI | F82: BC. KAIMANA INDAH | G82: F | H82: fenru samosir | I82: 45509 | J82: 7 tahun 11 bulan 0 hari | K82: 0 tahun 10 bulan 26 hari | L82: 29 tahun 7 bulan 19 hari | M82: ATT-D | N82: 6202192926420717 | O82: 46444 | P82: 44393 | Q82: 44424 | R82: 44644 | S82: 45097 | T82: 6202192926060120 | U82: 45942 | V82: 6202192926010722 | W82: 46587 | X82: 6202192926040120 | Y82: 45942 | Z82: F 234189 | AA82: 46157 | AB82: 6202192926MC1723 | AC82: 45844 | AD82: 6202192926070523 | AE82: 6202192926320523 | AF82: 6202192926310715 | AG82: - | AH82: - | AI82: 6202192926420717 | AJ82: - | AK82: - | AL82: - | AM82: umum | AN82: 085733755993
A83: 77 | B83: 20050220 | C83: ISMADI | D83: NAKHODA | E83: PENDING CUTI | F83: BC. MURO 5 | G83: F | H83: fenru samosir | I83: 45802 | J83: 42 tahun 3 bulan 22 hari | K83: 0 tahun 1 bulan 6 hari | L83: 61 tahun 4 bulan 25 hari | M83: ANT-IV | N83: 6200505563M40516 | O83: 46167 | P83: 44392 | Q83: 44434 | R83: 44635 | T83: 6200505563060520 | U83: 45893 | V83: 6200505563010520 | W83: 45901 | X83: 6200505563040520 | Y83: 45901 | Z83: F 234563 | AA83: 46171 | AB83: 6200505563MC7224 | AC83: 45957 | AD83: 6200505563070515 | AE83: - | AF83: - | AG83: 6200505563240515 | AH83: - | AI83: - | AJ83: - | AK83: - | AL83: - | AM83: UMUM | AN83: 0317873083, 085330573001
A84: 78 | B84: 20120760 | C84: TOMI INDRA WIJAYA | D84: MUALIM I | E84: BC. MURO 5 | F84: BC. MURO 5 | G84: F | H84: fenru samosir | I84: 45651 | J84: 7 tahun 3 bulan 1 hari | K84: 0 tahun 6 bulan 6 hari | L84: 32 tahun 5 bulan 14 hari | M84: ANT-IV | N84: 6201563407N40521 | O84: 46085 | P84: 44437 | Q84: 44607 | R84: 44704 | T84: 6201563407060522 | U84: 46418 | V84: 6201563407010522 | W84: 46415 | X84: 6201563407040522 | Y84: 46418 | Z84: F 63524 | AA84: 45919 | AB84: 6201563407MC7223 | AC84: 45926 | AD84: 6201563407070516 | AE84: 6201563407320516 | AF84: 6201563407310516 | AG84: 6201563407240523 | AH84: - | AI84: - | AJ84: - | AK84: - | AL84: - | AM84: duklat ant-v | AN84: 081233362888
A85: 79 | B85: 20180115 | C85: RANDI ( SIO ) | D85: MUALIM II | E85: PENDING CUTI | F85: BC. MURO 5 | G85: F | H85: fenru samosir | I85: 45698 | J85: 2 tahun 7 bulan 19 hari | K85: 0 tahun 4 bulan 21 hari | L85: 32 tahun 6 bulan 0 hari | M85: ANT-IV | N85: 6201304519N42822 | O85: 46454 | P85: 44396 | Q85: 44427 | R85: 44648 | T85: 6201304519060622 | U85: 46470 | V85: 6201304519010621 | W85: 46042 | X85: 6201304519040620 | Y85: 45844 | Z85: F 245049 | AA85: 46199 | AB85: 6201304519MC6524 | AC85: 46323 | AD85: 6201304519070622 | AE85: - | AF85: 6201304519310622 | AG85: 6201304519240623 | AH85: - | AI85: - | AJ85: - | AK85: - | AL85: - | AM85: SMK PALU | AN85: 081236741489
A86: 80 | B86: 20050007 | C86: PAMUJI | D86: KKM | E86: PENDING CUTI | F86: BC. MURO 5 | G86: F | H86: fenru samosir | I86: 45752 | J86: 2 tahun 8 bulan 9 hari | K86: 0 tahun 2 bulan 26 hari | L86: 47 tahun 8 bulan 1 hari | M86: ATT-III | N86: 6200152510T30321 | O86: 46390 | P86: 44413 | Q86: 44441 | R86: 44624 | T86: 6200152510060521 | U86: 46083 | V86: 6200152510010521 | W86: 46062 | X86: 6200152510040521 | Y86: 46062 | Z86: H 011259 | AA86: 45808 | AB86: 6200152510MC9424 | AC86: 46081 | AD86: 6200152510070516 | AE86: - | AF86: 62001525110310514 | AG86: 6200152510240514 | AH86: - | AI86: - | AJ86: - | AK86: - | AL86: - | AM86: SMA PGRI
A87: 81 | B87: 20080465 | C87: WAHYU RAHARJO | D87: MASINIS I | E87: PENDING CUTI | F87: BC. MURO 5 | G87: F | H87: fenru samosir | I87: 45740 | J87: 16 tahun 8 bulan 24 hari | K87: 0 tahun 3 bulan 7 hari | L87: 40 tahun 6 bulan 21 hari | M87: ATT-V | N87: 6200356764S50117 | O87: 46435 | P87: 44391 | Q87: 44434 | R87: 44651 | T87: 6200356764060720 | U87: 45975 | V87: 6200356764010321 | W87: 46348 | X87: 6200356764040720 | Y87: 45985 | Z87: F 222182 | AA87: 46123 | AB87: 6200356764MC7224 | AC87: 46116 | AD87: 6200356764070513 | AE87: - | AF87: - | AG87: 6200356764240717 | AH87: - | AI87: - | AJ87: - | AK87: - | AL87: - | AM87: UMUM | AN87: 081359016139, 082188308882
A88: 82 | B88: 20250010 | C88: ARMI HERMANTO | D88: JURU MUDI | E88: BC. MURO 5 | F88: BC. MURO 5 | G88: F | H88: fenru samosir | I88: 45674 | J88: 0 tahun 5 bulan 14 hari | K88: 0 tahun 5 bulan 14 hari | L88: 20 tahun 3 bulan 1 hari | M88: ANT-D | N88: 6212122170340124 | O88: 47135 | P88: 44369 | Q88: 44512 | R88: 44662 | T88: 6212122170060521 | U88: 46258 | V88: 6212122170010521 | W88: 46247 | X88: 6212122170040124 | Y88: 47416 | Z88: G 067031 | AA88: 46498 | AB88: 6212122170MC7225 | AC88: 46404 | AD88: 6212122170070124 | AE88: 6212122170320523 | AF88: 6212122170310521 | AG88: - | AH88: 6212122170340124 | AI88: - | AJ88: - | AK88: - | AL88: - | AM88: SMKN 4 | AN88: 082334656109, 085231221922, 085254658853
A89: 83 | B89: 20130904 | C89: BOGI HARDIANTO | D89: JURU MINYAK | E89: PENDING GAJI | F89: BC. MURO 5 | G89: F | H89: fenru samosir | I89: 45638 | J89: 0 tahun 6 bulan 19 hari | K89: 0 tahun 6 bulan 19 hari | L89: 30 tahun 0 bulan 28 hari | M89: ATT-D | N89: 6202091949350715 | O89: 45846 | P89: 44391 | Q89: 44434 | R89: 44651 | T89: 6202091949060720 | U89: 45897 | V89: 6202091949010524 | W89: 47444 | X89: 6202091949040520 | Y89: 45978 | Z89: F 328666 | AA89: 46466 | AB89: 6202091949MC7224 | AC89: 46365 | AD89: 6202091949070524 | AE89: 6202091949320323 | AF89: 6202091949310715 | AG89: - | AH89: - | AI89: 6202091949420525 | AJ89: - | AK89: - | AL89: - | AM89: poltekpel | AN89: 087855710288
A90: 84 | B90: 20250004 | C90: HALINDA ANTON | D90: JURU MINYAK | E90: BC. MURO 5 | F90: BC. MURO 5 | G90: F | H90: fenru samosir | I90: 45668 | J90: 0 tahun 5 bulan 20 hari | K90: 0 tahun 5 bulan 20 hari | L90: 26 tahun 3 bulan 12 hari | M90: ATT-D | N90: 6212421899350324 | O90: 47401 | P90: 44358 | Q90: 44481 | R90: 44643 | T90: 6212421899060324 | U90: 47254 | V90: 6212421899010324 | W90: 47244 | X90: - | Y90: - | Z90: J 109737 | AA90: 46732 | AB90: 6212421899MC7224 | AC90: 46164 | AD90: - | AE90: 6212421899320324 | AF90: 6212421899310324 | AG90: - | AH90: - | AI90: - | AJ90: - | AK90: 6212421899350324 | AL90: - | AM90: Diklat Poktepel | AN90: 085749599722
A91: 85 | B91: 20150643 | C91: JAHRUN | D91: NAKHODA | E91: PENDING GAJI | F91: BC. SAMARINDA RAYA | G91: F | H91: fenru samosir | I91: 45532 | J91: 9 tahun 6 bulan 14 hari | K91: 0 tahun 10 bulan 3 hari | L91: 52 tahun 0 bulan 24 hari | M91: ANT-III | N91: 6200018669M30316 | O91: 45993 | P91: 44368 | Q91: 44396 | R91: 44615 | T91: 6200018669060525 | U91: 47589 | V91: 6200018669010525 | W91: 47589 | X91: 6200018669040525 | Y91: 47584 | Z91: F 246177 | AA91: 46243 | AB91: 6200018669MC7224 | AC91: 46148 | AD91: 6200018669070515 | AE91: - | AF91: 6200018669310514 | AG91: 6200018669240514 | AH91: - | AI91: - | AJ91: 6200018669230514 | AK91: - | AL91: - | AM91: SMK PELAYARAN | AN91: 085393048136
A92: 86 | B92: 20040615 | C92: IMRAN | D92: MUALIM I | E92: DARAT STAND-BY | F92: BC. SAMARINDA RAYA | G92: F | H92: fenru samosir | I92: 45638 | J92: 16 tahun 5 bulan 1 hari | K92: 0 tahun 6 bulan 19 hari | L92: 43 tahun 8 bulan 23 hari | M92: ANT-III | N92: 6201011512N32425 | O92: 47488 | P92: 44375 | Q92: 44403 | R92: 44646 | T92: 6201011512060521 | U92: 46338 | V92: 6201011512010521 | W92: 46328 | X92: 6201011512040521 | Y92: 46328 | Z92: I 042804 | AA92: 46207 | AB92: 6201011512MC7224 | AC92: 46128 | AD92: 6201011512070517 | AE92: - | AF92: 6201011512310514 | AG92: 6201011512240514 | AH92: - | AI92: - | AJ92: - | AK92: - | AL92: - | AM92: UMUM | AN92: 0313551068, 085230221747
A93: 87 | B93: 20050360 | C93: PETRUS PAKILA | D93: MUALIM II | E93: PENDING CUTI | F93: BC. SAMARINDA RAYA | G93: F | H93: fenru samosir | I93: 45682 | J93: 9 tahun 8 bulan 14 hari | K93: 0 tahun 5 bulan 6 hari | L93: 42 tahun 9 bulan 15 hari | M93: ANT-V | N93: 6201008768N50215 | O93: 46048 | P93: 44375 | Q93: 44403 | R93: 44648 | T93: 6201008768060623 | U93: 46939 | V93: 6201008768010623 | W93: 46927 | X93: 6201008768040623 | Y93: 46939 | Z93: G 048316 | AA93: 46027 | AB93: 6201008768MC7225 | AC93: 46339 | AD93: 6201008768070618 | AE93: - | AF93: 6201008768310215 | AG93: - | AH93: - | AI93: - | AJ93: - | AK93: - | AL93: - | AM93: UMUM | AN93: 0317590228, 0317590228, O81333252582
A94: 88 | B94: 20110034 | C94: MURLANI SETYO WINARTO | D94: KKM | E94: PENDING CUTI | F94: BC. SAMARINDA RAYA | G94: F | H94: fenru samosir | I94: 45698 | J94: 5 tahun 3 bulan 28 hari | K94: 0 tahun 4 bulan 21 hari | L94: 41 tahun 1 bulan 21 hari | M94: ATT-III | N94: 6200318325S32424 | O94: 47472 | P94: 44396 | Q94: 44456 | R94: 44634 | T94: 6200318325060521 | U94: 46278 | V94: 6200318325010521 | W94: 46280 | X94: 6200318325040521 | Y94: 46280 | Z94: J 073586 | AA94: 46713 | AB94: 6200318325MC7224 | AC94: 46308 | AD94: 6200318325070516 | AE94: - | AF94: 6200318325310516 | AG94: 6200318325240523 | AH94: - | AI94: - | AJ94: - | AK94: - | AL94: - | AM94: ATT-IV UMUM | AN94: O82296530417
A95: 89 | B95: 20070439 | C95: NUR HIDAYAT | D95: MASINIS I | E95: DARAT STAND-BY | F95: BC. SAMARINDA RAYA | G95: F | H95: fenru samosir | I95: 45695 | J95: 1 tahun 8 bulan 28 hari | K95: 0 tahun 4 bulan 24 hari | L95: 52 tahun 8 bulan 15 hari | M95: ATT-III | N95: 6201033042S30516 | O95: 46238 | P95: 44384 | Q95: 44422 | R95: 44804 | T95: 6201033042060521 | U95: 46121 | V95: 6201033042010121 | W95: 46134 | X95: 6201033042040521 | Y95: 46121 | Z95: G 020031 | AA95: 45882 | AB95: 6201033042MC7223 | AC95: 45932 | AD95: 6201033042070515 | AE95: - | AF95: - | AG95: 6201033042240323 | AH95: - | AI95: - | AJ95: - | AK95: - | AL95: - | AM95: POLTEKPEL SURABAYA | AN95: 0313955275, 085232073733, 081330542896
A96: 90 | B96: 20040017 | C96: ESWANAH | D96: MASINIS II | E96: PENDING CUTI | F96: BC. SAMARINDA RAYA | G96: F | H96: fenru samosir | I96: 45712 | J96: 4 tahun 2 bulan 28 hari | K96: 0 tahun 4 bulan 7 hari | L96: 55 tahun 0 bulan 1 hari | M96: ATT-IV | N96: 6200515932T42424 | O96: 47426 | P96: 44375 | Q96: 44403 | R96: 44648 | T96: 6200515932060521 | U96: 46320 | V96: 6200515932010521 | W96: 46317 | X96: 6200515932040521 | Y96: 46321 | Z96: I 042823 | AA96: 46206 | AB96: 6200515932MC7224 | AC96: 46279 | AD96: 6200515932070516 | AE96: - | AF96: 6200515932310516 | AG96: 6200515932240523 | AH96: - | AI96: - | AJ96: - | AK96: - | AL96: - | AM96: UMUM | AN96: 081553203374, 082139064811
A97: 91 | B97: 20150220 | C97: ARIS PURWANTO | D97: JURU MUDI | E97: PENDING CUTI | F97: BC. SAMARINDA RAYA | G97: F | H97: fenru samosir | I97: 45666 | J97: 1 tahun 9 bulan 25 hari | K97: 0 tahun 5 bulan 22 hari | L97: 39 tahun 0 bulan 13 hari | M97: ANT-V | N97: 6200565282N50515 | O97: 47056 | P97: 44456 | Q97: 44494 | R97: 44456 | T97: 6200565282060523 | U97: 47050 | V97: 6200565282010523 | W97: 46974 | X97: 6200565282040523 | Y97: 47050 | Z97: I 080998 | AA97: 46262 | AB97: 6200565282MC7223 | AC97: 45877 | AD97: 6200565282070513 | AE97: - | AF97: 6200565282310514 | AG97: 6200565282240523 | AH97: - | AI97: - | AJ97: - | AK97: - | AL97: - | AM97: SMK BHAKTI Ponorogo | AN97: 081230594678
A98: 92 | B98: 20140728 | C98: JULI MELIANTO | D98: JURU MUDI | E98: PENDING GAJI | F98: BC. SAMARINDA RAYA | G98: F | H98: fenru samosir | I98: 45537 | J98: 0 tahun 9 bulan 29 hari | K98: 0 tahun 9 bulan 29 hari | L98: 32 tahun 11 bulan 19 hari | M98: ANT-D | N98: 6202017523340518 | O98: 46988 | P98: 44427 | Q98: 44463 | R98: 44635 | T98: 6202017523060524 | U98: 47364 | V98: 6202017523010524 | W98: 47364 | X98: 6202017523040521 | Y98: 46043 | Z98: F 288231 | AA98: 46332 | AB98: 6202017523MC7224 | AC98: 46249 | AD98: 6202017523070514 | AE98: 6202017523320515 | AF98: 6202017523310515 | AG98: - | AH98: 6202017523340518 | AI98: - | AJ98: - | AK98: - | AL98: - | AM98: umum | AN98: julimelianto12@, 082234569153
A99: 93 | B99: 20140208 | C99: ISWANTO | D99: JURU MINYAK | E99: PENDING CUTI | F99: BC. SAMARINDA RAYA | G99: F | H99: fenru samosir | I99: 45698 | J99: 3 tahun 11 bulan 11 hari | K99: 0 tahun 4 bulan 21 hari | L99: 37 tahun 7 bulan 25 hari | M99: ATT-D | N99: 6201289350420517 | O99: 46461 | P99: 44392 | Q99: 44532 | R99: 44651 | T99: 6201289350060121 | U99: 46322 | V99: 6201289350010524 | W99: 47457 | X99: 6201289350040321 | Y99: 46352 | Z99: F 288685 | AA99: 46351 | AB99: 6201289350MC11025 | AC99: 46533 | AD99: 6201289350070114 | AE99: 6201289350320517 | AF99: 6201289350310517 | AG99: - | AH99: - | AI99: 6201289350420517 | AJ99: - | AK99: - | AL99: - | AM99: DIKLAT ATT D | AN99: 082247409040, 082247409040
A100: 94 | B100: 20050323 | C100: JUMARI | D100: MUALIM II | E100: PENDING CUTI | F100: BC. SHORYU BARU | G100: F | H100: fenru samosir | I100: 45509 | J100: 43 tahun 5 bulan 19 hari | K100: 0 tahun 10 bulan 26 hari | L100: 63 tahun 1 bulan 0 hari | M100: ANT-V | N100: 6201018475M50517 | O100: 46294 | P100: 44380 | Q100: 44417 | R100: 44615 | T100: 6201018475060521 | U100: 46069 | V100: 6201018475010521 | W100: 46060 | X100: 6201018475040521 | Y100: 46069 | Z100: I 020342 | AA100: 46146 | AB100: TREATMENT EXPIRED | AC100: 46407 | AD100: 6201018475070516 | AE100: - | AF100: 6201018475310516 | AG100: 6201018475240523 | AH100: - | AI100: - | AJ100: - | AK100: - | AL100: - | AM100: UMUM
A101: 95 | B101: 20070367 | C101: MUHAMMAD DWI MUSTOFA | D101: KKM | E101: PENDING CUTI | F101: BC. SHORYU BARU | G101: F | H101: fenru samosir | I101: 45650 | J101: 6 tahun 4 bulan 27 hari | K101: 0 tahun 6 bulan 7 hari | L101: 37 tahun 7 bulan 5 hari | M101: ATT-III | N101: 6200317043T32822 | O101: 46502 | P101: 44394 | Q101: 44427 | R101: 44616 | T101: 6200317043060522 | U101: 46429 | V101: 6200317043010321 | W101: 46383 | X101: 6200317043040522 | Y101: 46422 | Z101: G 006330 | AA101: 45817 | AB101: 6200317043MC7224 | AC101: 46116 | AD101: 6200317043070316 | AE101: - | AF101: 6200317043310516 | AG101: 6200317043240518 | AH101: - | AI101: - | AJ101: - | AK101: - | AL101: - | AM101: DIKLAT ATT-V | AN101: 0313734774, 082171412187
A102: 96 | B102: 20100611 | C102: SLAMET WAHYUDI | D102: MASINIS II | E102: TB. CAPUNG II | F102: BC. SHORYU BARU | G102: F | H102: fenru samosir | I102: 45768 | J102: 0 tahun 6 bulan 19 hari | K102: 0 tahun 2 bulan 10 hari | L102: 45 tahun 3 bulan 29 hari | M102: ATT-V | N102: 6201039931T50514 | O102: 47458 | P102: 44368 | Q102: 44484 | R102: 44735 | T102: 6201039931060524 | U102: 47441 | V102: 6201039931010524 | W102: 47441 | X102: 6201039931040524 | Y102: 47441 | Z102: K 009835 | AA102: 46852 | AB102: 6201039931MC7224 | AC102: 46325 | AD102: 6201039931070524 | AE102: 6201039931320524 | AF102: 6201039931310524 | AG102: 6201039931240524 | AH102: - | AI102: - | AJ102: - | AK102: - | AL102: - | AM102: poktepel | AN102: 082245285261, 082131615336, 085230430329
...

Sheet Resume
B1: PROGRESS KONDITE CREW
B2: Periode Jan – Jun 2025
A3: NO | B3: Vessel Name | C3: CODE | D3: Crewing | E3: Received Hard Copy | G3: INPUT | I3: Di FILE | J3: Status | K3: KET
E4: Date | F4: Status | G4: DECK | H4: ENG
A5: 1 | B5: KM. MANALAGI WANDA | C5: MWA | D5: M Rizqi | F5: ok
A6: 2 | B6: KM. MANALAGI HITA | C6: MHI | D6: M Rizqi | F6: ok | K6: wa
A7: 3 | B7: KM. MANALAGI SAMBA | C7: MSM | D7: M Rizqi | F7: ok
A8: 4 | B8: KM. MANALAGI TISYA | C8: MTI | D8: M Rizqi | F8: ok
A9: 5 | B9: KM. MANALAGI YASA | C9: MYA | D9: M Rizqi | F9: ok
A10: 6 | B10: KM. MANALAGI TARA | C10: MAR | D10: M Rizqi | F10: ok
A11: 7 | B11: KM. MANALAGI VIRA | C11: MVI | D11: M Rizqi | F11: ok
A12: 8 | B12: KM. MANALAGI ENZI | C12: MEN | D12: M Rizqi | F12: ok
A13: 9 | B13: KM. MANALAGI PRITA | C13: MPR | D13: M Rizqi | F13: ok | K13: by wa
A14: 10 | B14: KM. MANALAGI ASTA | C14: MAA | D14: M Rizqi | F14: ok
A15: 11 | B15: KM. MANALAGI ASTI | C15: MIA | D15: M Rizqi | F15: ok
A16: 12 | B16: KM. MANALAGI DASA | C16: MDA | D16: M Rizqi | F16: ok
A17: 13 | B17: KM. XYS SATU | C17: XSA | D17: M Rizqi | F17: ok
A18: 14 | B18: KM. ORIENTAL DIAMOND | C18: ODI | D18: Jefri S | F18: ok
A19: 15 | B19: KM. ORIENTAL JADE | C19: OJA | D19: Jefri S | F19: ok
A20: 16 | B20: KM. ORIENTAL RUBY | C20: ORU | D20: Jefri S | F20: ok
A21: 17 | B21: KM. ORIENTAL GALAXY | C21: OGA | D21: Syahril G | F21: ok
A22: 18 | B22: KM. HIJAU SAMUDRA | C22: HSA | D22: Syahril G | F22: ok
A23: 19 | B23: KM. ORIENTAL GOLD | C23: OGO | D23: Syahril G | F23: ok
A24: 20 | B24: KM. ORIENTAL SILVER | C24: OSI | D24: Fenru S | F24: ok
A25: 21 | B25: KM. ORIENTAL EMERALD | C25: OEM | D25: Fenru S | F25: ok
... A30: 26 | B30: KM. SPIL HAYU | C30: HAY | D30: Jefri S | F30: ok
A31: 27 | B31: KM. SPIL HASYA | C31: HAS | D31: Jefri S | F31: ok | K31: wa
A32: 28 | B32: KM. SPIL HAPSRI | C32: HAP | D32: Jefri S | F32: ok | K32: wa
A33: 29 | B33: KM. SPIL HANA | C33: HAN | D33: Jefri S | F33: ok
A34: 30 | B34: KM. SPIL RATNA | C34: RAT | D34: Jefri S
A35: 31 | B35: KM. SPIL RUMI | C35: RUM | D35: Jefri S | F35: ok
A36: 32 | B36: KM. SPIL RENATA | C36: REN | D36: Jefri S | F36: ok
A37: 33 | B37: KM. SPIL RAHAYU | C37: RAH | D37: Jefri S | F37: ok
A38: 34 | B38: KM. SPIL RETNO | C38: RET | D38: Jefri S | F38: ok
A39: 35 | B39: KM. HIJAU SEJUK | C39: HSJ | D39: Fenru S | F39: ok
A40: 36 | B40: KM. HIJAU SEGAR | C40: HSG | D40: Syahril G | F40: ok
A41: 37 | B41: KM. PULAU NUNUKAN | C41: PNN | D41: Syahril G | F41: ok
A42: 38 | B42: KM. PULAU LAYANG | C42: PLA | D42: Syahril G | F42: ok
A43: 39 | B43: KM. PULAU WETAR | C43: PWE | D43: Syahril G | F43: ok
A44: 40 | B44: KM. PULAU HOKI | C44: PHK | D44: Syahril G | F44: ok
A45: 41 | B45: KM. ORIENTAL PACIFIC | C45: OPA | D45: Jefri S | F45: ok
A46: 42 | B46: KM. ORIENTAL SAMUDERA | C46: OSA | D46: Jefri S | F46: ok
... A48: 44 | B48: KM. SELILI BARU | C48: SBR | D48: Syahril G | F48: ok
A49: 45 | B49: KM. TITANIUM | C49: TIT | D49: Syahril G | F49: ok | K49: wa
A50: 46 | B50: KM. VERTIKAL | C50: VER | D50: Syahril G | F50: ok
A51: 47 | B51: KM. VERIZON | C51: VEI | D51: Jefri S | F51: ok
A52: 48 | B52: KM. ARMADA SEGARA | C52: ASG | D52: Fenru S | F52: ok
A53: 49 | B53: KM. ARMADA SENADA | C53: ASN | D53: Fenru S | F53: ok | K53: wa
A54: 50 | B54: KM. ARMADA SERASI | C54: ASR | D54: Fenru S | F54: ok | K54: wa
A55: 51 | B55: KM. PEKAN BERAU | C55: PBE | D55: Syahril G | F55: ok
A56: 52 | B56: KM. PEKAN FAJAR | C56: PFA | D56: Syahril G | F56: ok
A57: 53 | B57: KM. PEKAN SAMPIT | C57: PSM | D57: Jefri S | F57: ok
A58: 54 | B58: KM. TELUK BINTUNI | C58: TBI | D58: Syahril G | F58: ok
A59: 55 | B59: KM. TELUK FLAMINGGO | C59: TFL | D59: Syahril G | F59: ok
A60: 56 | B60: KM. TELUK BERAU | C60: TBE | D60: Syahril G
A61: 57 | B61: KM. BALI AYU | C61: BAU | D61: Fenru S | F61: ok
A62: 58 | B62: KM. PRATIWI SATU | C62: PST | D62: Fenru S | F62: ok
A63: 59 | B63: KM. BALI KUTA | C63: BKU | D63: Fenru S | H63: mesin
A64: 60 | B64: KM. BALI SANUR | C64: BSA | D64: Fenru S | F64: ok
A65: 61 | B65: KM. BALI GIANYAR | C65: BGI | D65: Fenru S | F65: ok | K65: wa blm diprint
A66: 62 | B66: KM. PEKAN RIAU | C66: PRI | D66: Syahril G | F66: ok
A67: 63 | B67: KM. PRATIWI RAYA | C67: PRA | D67: Fenru S | F67: ok
A68: 64 | B68: KM. MAGELLAN | C68: MAG | D68: Jefri S | F68: ok | K68: wa
A69: 65 | B69: KM. PAHALA | C69: PAH | D69: Fenru S | F69: ok
A70: 66 | B70: KM. FORTUNE | C70: FOR | D70: Jefri S | F70: ok
A71: 67 | B71: KM. AKASHIA | C71: AKA | D71: Jefri S | F71: ok
A72: 68 | B72: KM. MULIANIM | C72: MAN | D72: Fenru S | F72: ok
A73: 69 | B73: KM. DERAJAT | C73: DER | D73: Jefri S | F73: ok | K73: wa
A74: 70 | B74: KM. KALIMANTAN LEADER | C74: KLE | D74: M Rizqi | F74: ok
A75: 71 | B75: KM. SULAWESI LEADER | C75: SLA | D75: M Rizqi | F75: ok
F76: =COUNTIF(F5:F75,"OK") -> 68 | G76: =COUNTIF(G5:G75,"OK") -> 0 | H76: =COUNTIF(H5:H75,"OK") -> 0 | I76: =COUNTIF(I5:I75,"Di FILE") -> 0 | J76: =COUNTIF(J5:J75,"Done") -> 0
F77: =F76/$A$75 -> 0.95774648 | G77: =G76/$A$75 -> 0 | H77: =H76/$A$75 -> 0 | J77: =J76/$A$75 -> 0 | K77: 44027

Sheet Kondite_Nakhoda_KKM_KM
A1: Kondite
A2: Periode Jan – Jun 2025
A4: NO | B4: Vessel Name | C4: Vessel Code | D4: Crewing | E4: Manager Nautik | F4: Manager Teknik | G4: Fleet | H4: SEAMAN CODE | I4: NAMA | J4: JABATAN | K4: Key Certificate | L4: Masa On Board | M4: Profil Pribadi | Z4: Profesionalitas | AM4: AVERAGE | AN4: RESULT | AO4: NOTE MN (ACCIDENT) | AP4: NAMA KURSUS
M5: Tingkah laku | P5: Sikap | S5: KPP | V5: Kepemimpinan | Z5: 1 | AA5: 2 | AB5: 3 | AC5: 4 | AD5: 5 | AE5: 6 | AF5: 7 | AG5: 8 | AH5: 9 | AI5: 10 | AJ5: 11 | AK5: 12 | AL5: 13 | AP5: SMK (1) | AQ5: GRAFIK NAVIGASI & KOREKSI PUBLIK (2) | AR5: KESESUAIAN MARPOL (3) | AS5: OPERASIONAL EFISIENSI PERMESINAN LAUT (4) | AT5: SISTEM MANUVER ME (5) | AU5: PELATIHAN KESELAMATAN RATING (6) | AV5: LATIHAN HIDROLIK (7) | AW5: PRAKTEK KELISTRIKAN (8) | AX5: MANAJEMEN SUMBER DAYA BRIDGE (9) | AY5: ANALISIS MENDASAR (10) | AZ5: PERWIRA KESELAMATAN KAPAL (11) | BA5: OTOMATISASI DAN KONTROL (12) | BB5: TEORI & PRAKTEK PENANGANAN KAPAL (13) | BC5: KEPEMIMPINAN (14) | BD5: MEMASUKI RUANG TERTUTUP (15)
M6: TNG | N6: SRG | O6: INT | P6: LOY | Q6: ATT | R6: KK | S6: KBL | T6: KMI | U6: MIL | V6: KMM | W6: KBT | X6: KMAK | Y6: KMK
B7: KM. AKASHIA | H7: 20170526 | I7: BOBBY BLESSY PANGALILA | J7: NAKHODA | L7: 0 tahun 4 bulan 4 hari
B8: KM. AKASHIA | H8: 20040203 | I8: MASWANTO | J8: KKM | L8: 1 tahun 1 bulan 2 hari
B9: KM. AKASHIA | H9: 20140337 | I9: KHOIRUL ANWAR | J9: EXTRA KKM | L9: 0 tahun 0 bulan 9 hari
B10: KM. ARMADA PERMATA | H10: 20100106 | I10: PETRUS ANDRONIKUS DUAN | J10: NAKHODA | L10: 0 tahun 5 bulan 17 hari
B11: KM. ARMADA PERMATA | H11: 20190234 | I11: EFRIWAN Z ABIDIN | J11: KKM | L11: 0 tahun 9 bulan 13 hari
B12: KM. ARMADA SEGARA | H12: 20190451 | I12: IRIYANTO | J12: NAKHODA | L12: 0 tahun 2 bulan 16 hari
B13: KM. ARMADA SEGARA | I13: R. DHANIE | J13: NAKHODA
B14: KM. ARMADA SEGARA | H14: 20050667 | I14: MUCH. MUCHLIS | J14: KKM | L14: 0 tahun 10 bulan 15 hari
B15: KM. ARMADA SENADA | H15: 20190390 | I15: ROBERT SIMANJUNTAK | J15: NAKHODA | L15: 0 tahun 6 bulan 12 hari
B16: KM. ARMADA SENADA | H16: 20040361 | I16: BUDIYONO | J16: KKM | L16: 0 tahun 5 bulan 27 hari
B17: KM. ARMADA SERASI | H17: 20121009 | I17: DEMAR MANURUNG | J17: NAKHODA | L17: 0 tahun 1 bulan 26 hari
B18: KM. ARMADA SERASI | H18: 20140034 | I18: I KOMANG ALIT KARIASA | J18: NAKHODA
B19: KM. ARMADA SERASI | H19: 20070443 | I19: MURSITO | J19: KKM | L19: 0 tahun 7 bulan 18 hari
B20: KM. BALI AYU | H20: 20220139 | I20: MEIZERIKO PATTIPEILOHY | J20: NAKHODA | L20: 0 tahun 5 bulan 6 hari
B21: KM. BALI AYU | H21: 20080530 | I21: YUSNAIDI | J21: KKM | L21: 0 tahun 0 bulan 7 hari
B22: KM. BALI AYU | H22: 20200012 | I22: SUPRIYANTO | J22: KKM
B23: KM. BALI GIANYAR | H23: 20090641 | I23: BAMBANG SUFRIYANTO | J23: NAKHODA | L23: 0 tahun 4 bulan 6 hari
B24: KM. BALI GIANYAR | H24: 20040256 | I24: ROFIQ ANANTA | J24: KKM | L24: 0 tahun 2 bulan 4 hari
B25: KM. BALI GIANYAR | H25: 20040213 | I25: DOMINICUS FITRIANUS DA SILVA | J25: KKM
B26: KM. BALI KUTA | H26: 20150590 | I26: SIGIT SUMANTO | J26: NAKHODA | L26: 0 tahun 1 bulan 4 hari
B27: KM. BALI KUTA | H27: 20080303 | I27: ASEP ATIK MASTRIS | J27: NAKHODA
B28: KM. BALI KUTA | H28: 20210226 | I28: SYAHIR | J28: KKM | L28: 0 tahun 7 bulan 29 hari
B29: KM. BALI SANUR | H29: 20240279 | I29: SAPTONO WAHYU WIBOWO | J29: NAKHODA | L29: 0 tahun 2 bulan 1 hari
B30: KM. BALI SANUR | H30: 20230137 | I30: KUSTOPO | J30: NAKHODA
B31: KM. BALI SANUR | H31: 20111027 | I31: BINTON SILALAHI | J31: KKM | L31: 0 tahun 2 bulan 1 hari
B32: KM. BALI SANUR | H32: 20121174 | I32: STEFANUS LILIWANA | J32: KKM
B33: KM. DERAJAT | H33: 20090419 | I33: SUPRIYADI | J33: NAKHODA | L33: 0 tahun 0 bulan 1 hari
B34: KM. DERAJAT | H34: 20160469 | I34: M. SUJONO | J34: KKM | L34: 0 tahun 0 bulan 19 hari
B35: KM. DERAJAT | H35: 20070251 | I35: AGUS CAHYO PRIANDIK | J35: KKM
B36: KM. FORTUNE | H36: 20080044 | I36: MAMAT MIHARJA | J36: NAKHODA | L36: 0 tahun 0 bulan 2 hari
B37: KM. FORTUNE | H37: 20070307 | I37: ANDREAS SURJANTO | J37: KKM | L37: 0 tahun 0 bulan 1 hari
B38: KM. HIJAU JELITA | H38: 20180263 | I38: MARSAID TEGUH SANTOSO | J38: NAKHODA | L38: 0 tahun 6 bulan 22 hari
B39: KM. HIJAU JELITA | H39: 20160274 | I39: KHAIRUL ANUWAR | J39: KKM | L39: 0 tahun 1 bulan 18 hari
B40: KM. HIJAU JELITA | H40: 20150195 | I40: JAFRISAL | J40: KKM
B41: KM. HIJAU SAMUDRA | H41: 20040054 | I41: OFTAVIANI PALIT | J41: NAKHODA | L41: 0 tahun 2 bulan 29 hari
B42: KM. HIJAU SAMUDRA | H42: 20170594 | I42: BUDI PRABOWO YULIANTO | J42: KKM | L42: 0 tahun 5 bulan 11 hari
B43: KM. HIJAU SEGAR | H43: 20050589 | I43: JOHN RONALD TULENDE | J43: NAKHODA | L43: 0 tahun 1 bulan 27 hari
B44: KM. HIJAU SEGAR | H44: 20200478 | I44: MUCHLIS SUNTANA | J44: KKM | L44: 0 tahun 0 bulan 22 hari
B45: KM. HIJAU SEJUK | H45: 20160663 | I45: SISWAJI | J45: NAKHODA | L45: 0 tahun 6 bulan 8 hari
B46: KM. HIJAU SEJUK | H46: 20240094 | I46: JUWAL | J46: KKM | L46: 0 tahun 5 bulan 22 hari
B47: KM. KALIMANTAN LEADER | H47: 20120378 | I47: PUTUT HARDIYANTO | J47: NAKHODA | L47: 0 tahun 1 bulan 1 hari
B48: KM. KALIMANTAN LEADER | H48: 20170299 | I48: RIDEL FANY PETRUS TILAAR | J48: KKM | L48: 0 tahun 3 bulan 12 hari
B49: KM. KAPPA | H49: 20190332 | I49: EMANUEL MONTEIRO | J49: NAKHODA | L49: 0 tahun 8 bulan 27 hari
B50: KM. KAPPA | H50: 20130746 | I50: IGNATIUS DWI HANDOYO BASUKI R | J50: KKM | L50: 0 tahun 2 bulan 1 hari
B51: KM. KAPPA | H51: 20130827 | I51: RIA IRAWAN | J51: KKM
B52: KM. LUZON | H52: 20180215 | I52: YUSTADI | J52: NAKHODA | L52: 0 tahun 5 bulan 16 hari
B53: KM. LUZON | H53: 20200063 | I53: WARNO | J53: KKM | L53: 0 tahun 0 bulan 23 hari
B54: KM. LUZON | H54: 20210030 | I54: THOMAS AGUS WIDIAHARTO | J54: KKM
B55: KM. MAGELLAN | H55: 20240114 | I55: RAFIUDDIN ARKAM | J55: NAKHODA | L55: 0 tahun 1 bulan 26 hari
B56: KM. MAGELLAN | H56: 20160012 | I56: LEGIRIN | J56: KKM | L56: 0 tahun 5 bulan 14 hari
B57: KM. MANALAGI ASTA | H57: 20130156 | I57: MOH. ATIBATUL GHULAM | J57: NAKHODA | L57: 0 tahun 9 bulan 3 hari
B58: KM. MANALAGI ASTA | H58: 20200398 | I58: SUGENG PRAPTONO | J58: EXTRA NAKHODA | L58: 0 tahun 0 bulan 2 hari
B59: KM. MANALAGI ASTA | H59: 20190078 | I59: GUNARTO | J59: KKM | L59: 0 tahun 5 bulan 14 hari
B60: KM. MANALAGI ASTI | H60: 20200183 | I60: GUSTI BAGUS JAYA USAHA | J60: NAKHODA | L60: 0 tahun 1 bulan 12 hari
B61: KM. MANALAGI ASTI | H61: 20170607 | I61: EMMANUEL P.E. UMBOH | J61: NAKHODA
B62: KM. MANALAGI ASTI | H62: 20160627 | I62: SOFA INDRIYANTO | J62: KKM | L62: 0 tahun 9 bulan 6 hari
B63: KM. MANALAGI DASA | H63: 20230235 | I63: TOMI GINTING | J63: NAKHODA | L63: 0 tahun 4 bulan 18 hari
B64: KM. MANALAGI DASA | H64: 20170177 | I64: SOPIANSYAH | J64: KKM | L64: 0 tahun 0 bulan 27 hari
B65: KM. MANALAGI ENZI | H65: 20170069 | I65: TEJO | J65: NAKHODA | L65: 0 tahun 9 bulan 0 hari
B66: KM. MANALAGI ENZI | H66: 20190115 | I66: BUDI KUSNANTO | J66: KKM | L66: 0 tahun 8 bulan 9 hari
B67: KM. MANALAGI HITA | H67: 20180074 | I67: WAHYUDDIN | J67: NAKHODA | L67: 0 tahun 6 bulan 27 hari
B68: KM. MANALAGI HITA | H68: 20200486 | I68: AGUNG NUGRAHADI | J68: KKM | L68: 0 tahun 2 bulan 12 hari
B69: KM. MANALAGI HITA | H69: 20200323 | I69: KURTIWA | J69: KKM
B70: KM. MANALAGI PRITA | H70: 20170083 | I70: LANJAR | J70: NAKHODA | L70: 0 tahun 1 bulan 23 hari
B71: KM. MANALAGI PRITA | H71: 20200398 | I71: SUGENG PRAPTONO | J71: NAKHODA
B72: KM. MANALAGI PRITA | H72: 20230171 | I72: GATOT BUDI YUWONO | J72: KKM | L72: 0 tahun 7 bulan 10 hari
B73: KM. MANALAGI SAMBA | H73: 20070074 | I73: WIDODO | J73: NAKHODA | L73: 0 tahun 5 bulan 21 hari
B74: KM. MANALAGI SAMBA | H74: 20200323 | I74: KURTIWA | J74: KKM | L74: 0 tahun 1 bulan 20 hari
B75: KM. MANALAGI SAMBA | H75: 20070523 | I75: HERI BUDIARTO | J75: KKM
B76: KM. MANALAGI TARA | H76: 20250071 | I76: RUDI SYAFRA | J76: NAKHODA | L76: 0 tahun 2 bulan 19 hari
B77: KM. MANALAGI TARA | H77: 20200183 | I77: GUSTI BAGUS JAYA USAHA | J77: NAKHODA
B78: KM. MANALAGI TARA | H78: 20210331 | I78: IVAN SANDI GUNAWAN | J78: KKM | L78: 0 tahun 11 bulan 27 hari
B79: KM. MANALAGI TISYA | H79: 20210356 | I79: NASRUL | J79: NAKHODA | L79: 0 tahun 3 bulan 20 hari
B80: KM. MANALAGI TISYA | H80: 20200154 | I80: HARYOTO | J80: KKM | L80: 0 tahun 2 bulan 16 hari
B81: KM. MANALAGI TISYA | H81: 20180021 | I81: AGUSTINUS MALLA | J81: KKM
B82: KM. MANALAGI VIRA | H82: 20050003 | I82: JONI SULLE | J82: NAKHODA | L82: 0 tahun 7 bulan 28 hari
B83: KM. MANALAGI VIRA | H83: 20140237 | I83: KASIYONO | J83: KKM | L83: 0 tahun 1 bulan 28 hari
B84: KM. MANALAGI WANDA | H84: 20170520 | I84: HANDOKO EKA SETIAWAN | J84: NAKHODA | L84: 0 tahun 2 bulan 3 hari
B85: KM. MANALAGI WANDA | H85: 20170165 | I85: MAHA RAGA S SIBURIAN | J85: KKM | L85: 0 tahun 4 bulan 19 hari
B86: KM. MANALAGI YASA | H86: 20160725 | I86: CUCU ISMANTO | J86: NAKHODA | L86: 0 tahun 11 bulan 1 hari
B87: KM. MANALAGI YASA | H87: 20040055 | I87: FAJAR PUGUH PRASETYO | J87: EXTRA NAKHODA | L87: 0 tahun 2 bulan 4 hari
B88: KM. MANALAGI YASA | H88: 20190020 | I88: SUTRISNO | J88: KKM | L88: 0 tahun 10 bulan 18 hari
B89: KM. MINAS BARU | H89: 20130331 | I89: LUTHER AGT KANSIL | J89: NAKHODA | L89: 0 tahun 2 bulan 24 hari
B90: KM. MINAS BARU | H90: 20190061 | I90: SUKAYAT | J90: EXTRA NAKHODA | L90: 0 tahun 0 bulan 2 hari
B91: KM. MINAS BARU | H91: 20130213 | I91: DEDI | J91: KKM | L91: 0 tahun 7 bulan 4 hari
B92: KM. MULIANIM | H92: 20100480 | I92: RUSLANI | J92: NAKHODA | L92: 0 tahun 1 bulan 29 hari
B93: KM. MULIANIM | H93: 20160379 | I93: AGUS DARWONO | J93: KKM | L93: 0 tahun 3 bulan 28 hari
... B100: KM. ORIENTAL GOLD | H100: 20160720 | I100: PARSIDI | J100: NAKHODA | L100: 0 tahun 2 bulan 19 hari
B101: KM. ORIENTAL GOLD | I101: HADI SUSANTO | J101: NAKHODA
B102: KM. ORIENTAL GOLD | H102: 20121208 | I102: AZWAR | J102: KKM | L102: 0 tahun 1 bulan 27 hari
B103: KM. ORIENTAL JADE | H103: 20160496 | I103: IRMAN SETIYAWAN | J103: NAKHODA | L103: 0 tahun 2 bulan 1 hari
B104: KM. ORIENTAL JADE | H104: 20190449 | I104: BUDIYANTO | J104: KKM | L104: 0 tahun 6 bulan 5 hari
B105: KM. ORIENTAL PACIFIC | H105: 20180169 | I105: ABD KADIR | J105: NAKHODA | L105: 0 tahun 3 bulan 9 hari
B106: KM. ORIENTAL PACIFIC | H106: 20170142 | I106: TEJO HADI SISWANTO | J106: KKM | L106: 0 tahun 3 bulan 9 hari
B107: KM. ORIENTAL RUBY | H107: 20050070 | I107: ASEP ANTONI | J107: NAKHODA | L107: 0 tahun 5 bulan 14 hari
...

Sheet All_Crew_Kondite_KM
A1: Kondite
A2: Periode Januari – Juni 2025
A4: NO | B4: Vessel Name | C4: Vessel Code | D4: Crewing | E4: Manager Nautik | F4: Manager Teknik | G4: Fleet | H4: SEAMAN CODE | I4: NAMA | J4: JABATAN | K4: Key Certificate | L4: Masa On Board | M4: MUALIM I & MASINIS I | AN4: AVERAGE | AO4: NAMA KURSUS | BD4: PERWIRA JUNIOR | CF4: AVERAGE | CG4: NAMA KURSUS | CV4: RATING | DO4: AVERAGE | DP4: NAMA KURSUS | EF4: Kategorisasi Condite
BD5: Profil Pribadi | BS5: Profesionalitas | CV5: Profil Pribadi | DI5: Profesionalitas
M6: TL | P6: Sikap | S6: Nilai & Nalar | V6: Kepemimpinan | Z6: 1 | AA6: 2 | AB6: 3 | AC6: 4 | AD6: 5 | AE6: 6 | AF6: 7 | AG6: 8 | AH6: 9 | AI6: 10 | AJ6: 11 | AK6: 12 | AL6: 13 | AM6: 14 | AO6: SMK (1) | AP6: GRAFIK NAVIGASI (2) | AQ6: KESESUAIAN MARPOL (3) | AR6: OPERASIONAL EFISIEN PERMESINAN LAUT (4) | AS6: SISTEM MANUVER ME (5) | AT6: PELATIHAN KESELAMATAN RATING (6) | AU6: LATIHAN SISTEM PERALATAN HIDROLIK (7) | AV6: PRAKTEK KELISTRIKAN (8) | AW6: MANAJEMEN SUMBER DAYA ANJUNGAN (9) | AX6: ANALISIS MENDASAR (10) | AY6: PERWIRA KESELAMATAN KAPAL (11) | AZ6: OTOMATISASI DAN KONTROL (12) | BA6: TEORI PRAKTEK PENANGANAN KAPAL (13) | BB6: KEPEMIMPINAN (14) | BC6: MEMASUKI RUANG TERTUTUP (15) | BD6: Tingkah laku & Sikap | BK6: Kemamp. Menilai N | BO6: Kepemimpinan | BS6: 1 | BT6: 2 | BU6: 3 | BV6: 4 | BW6: 5 | BX6: 6 | BY6: 7 | BZ6: 8 | CA6: 9 | CB6: 10 | CC6: 11 | CD6: 12 | CE6: 13 | CG6: SMK (1) | CH6: GRAFIK NAVIGASI (2) | CI6: KESESUAIAN MARPOL (3) | CJ6: OPERASIONAL EFISIEN PERMESINAN LAUT (4) | CK6: SISTEM MANUVER ME (5) | CL6: PELATIHAN KESELAMATAN RATING (6) | CM6: LATIHAN HIDROLIK (7) | CN6: PRAKTEK KELISTRIKAN (8) | CO6: MANAJEMEN SUMBER DAYA BRIDGE (9) | CP6: ANALISIS MENDASAR (10) | CQ6: PERWIRA KESELAMATAN KAPAL (11) | CR6: OTOMATISASI DAN KONTROL (12) | CS6: TEORI PRAKTEK PENANGANAN KAPAL (13) | CT6: COMMAND ORIENTATION COURSE (14) | CU6: MEMASUKI RUANG TERTUTUP (15) | CV6: Tingkah laku & Sikap | DB6: PENILAIN & P UMUM | DE6: Kepemimpinan | DI6: 1 | DJ6: 2 | DK6: 3 | DL6: 4 | DM6: 5 | DN6: 6 | DP6: PRAKTEK KELISTRIKAN (1) | DQ6: ANALISIS PENYEBAB MASALAH (2) | DR6: PERWIWA KESELAMATAN KAPAL (3) | DS6: INSPEKSI PORT STATE CONTROL (4) | DT6: TEORI & PRAKTEK SHIP HANDLING (5) | DU6: MEMASUKI RUANG TERTUTUP (6) | DV6: KURSUS COMMAND ORIENTED (7) | DW6: PELATIHAN KESELAMATAN TERPADU U/ RATINGS (8) | DX6: PELAJARAN PUMP MAN (9) | DY6: BASIC TANKER OPERATION (10) | DZ6: SMK (11) | EA6: MARPOL COMPLIANCE (12) | EB6: EFFICIENT OPERATION OF MARINE MACHINERY (13) | EC6: SISTIM MANUVERING ME (14) | ED6: AUTOMATION & CONTROL (15) | EE6: BRIDGE RESOURCE MANAGEMENT (16) | EF6: Senior Officer | EG6: Junior Officer | EH6: Rating
M7: TL | N7: SS | O7: I | P7: LOY | Q7: ANT | R7: KS | S7: PKR | T7: IN INT | U7: OUT INT | V7: MM | W7: MT | X7: MAK | Y7: HK | BD7: TNG | BE7: KW | BF7: ATS | BG7: HAD | BH7: PRO | BI7: MD | BJ7: LOY | BK7: KMI | BL7: KMM | BM7: INS | BN7: PK | BO7: MMB | BP7: KKK | BQ7: HDB | BR7: MW | CV7: TNG | CW7: SRG | CX7: I | CY7: ATS | CZ7: LOY | DA7: KOP | DB7: LOG | DC7: IN INS | DD7: OUT INT | DE7: MMK | DF7: KMT | DG7: KMC | DH7: KKK
B8: KM. AKASHIA | H8: 20130270 | I8: HADI SUCIPTO | J8: MUALIM I | L8: 0 tahun 0 bulan 17 hari | AN8: =AVERAGE(M8:AM8) -> #DIV/0! | CF8: =AVERAGE(BE8:CE8) -> #DIV/0! | DO8: =AVERAGE(CN8:DN8) -> #DIV/0! | EF8: =IF(AN8<=2,"VERY POOR",IF(AN8<=6.5,"POOR",IF(AN8<=8,"NEED TO DEVELOP",IF(AN8<=8.9,"GOOD","VERY GOOD")))) -> #DIV/0! | EG8: =IF(CF8<=2,"VERY POOR",IF(CF8<=6.5,"POOR",IF(CF8<=8,"NEED TO DEVELOP",IF(CF8<=8.9,"GOOD","VERY GOOD")))) -> #DIV/0! | EH8: =IF(DO8<=2,"VERY POOR",IF(DO8<=6.5,"POOR",IF(DO8<=8,"NEED TO DEVELOP",IF(DO8<=8.9,"GOOD","VERY GOOD")))) -> #DIV/0!
B9: KM. AKASHIA | H9: 20150439 | I9: KUSWARI | J9: MUALIM II | L9: 0 tahun 1 bulan 12 hari | AN9: =AVERAGE(M9:AM9) -> #DIV/0! | CF9: =AVERAGE(BE9:CE9) -> #DIV/0! | DO9: =AVERAGE(CN9:DN9) -> #DIV/0! | EF9: =IF(AN9<=2,"VERY POOR",IF(AN9<=6.5,"POOR",IF(AN9<=8,"NEED TO DEVELOP",IF(AN9<=8.9,"GOOD","VERY GOOD")))) -> #DIV/0! | EG9: =IF(CF9<=2,"VERY POOR",IF(CF9<=6.5,"POOR",IF(CF9<=8,"NEED TO DEVELOP",IF(CF9<=8.9,"GOOD","VERY GOOD")))) -> #DIV/0! | EH9: =IF(DO9<=2,"VERY POOR",IF(DO9<=6.5,"POOR",IF(DO9<=8,"NEED TO DEVELOP",IF(DO9<=8.9,"GOOD","VERY GOOD")))) -> #DIV/0!
B10: KM. AKASHIA | H10: 20210262 | I10: ANGGORO BAYU AJI | J10: MUALIM III | L10: 0 tahun 4 bulan 1 hari | AN10: =AVERAGE(M10:AM10) -> #DIV/0! | BD10: 8 | BE10: 8 | BF10: 8 | BG10: 8 | BH10: 8 | BI10: 8 | BJ10: 8 | BK10: 8 | BL10: 8 | BM10: 8 | BN10: 7 | BO10: 8 | BP10: 8 | BQ10: 8 | BR10: 7 | BS10: 8 | BT10: 8 | BU10: 8 | BV10: 8 | BW10: 8 | BX10: 8 | BY10: 8 | BZ10: 8 | CA10: 8 | CB10: 7 | CC10: 7 | CD10: 8 | CE10: 8 | CF10: =AVERAGE(BE10:CE10) -> 7.8518519 | DO10: =AVERAGE(CN10:DN10) -> #DIV/0! | EF10: =IF(AN10<=2,"VERY POOR",IF(AN10<=6.5,"POOR",IF(AN10<=8,"NEED TO DEVELOP",IF(AN10<=8.9,"GOOD","VERY GOOD")))) -> #DIV/0! | EG10: =IF(CF10<=2,"VERY POOR",IF(CF10<=6.5,"POOR",IF(CF10<=8,"NEED TO DEVELOP",IF(CF10<=8.9,"GOOD","VERY GOOD")))) -> NEED TO DEVELOP | EH10: =IF(DO10<=2,"VERY POOR",IF(DO10<=6.5,"POOR",IF(DO10<=8,"NEED TO DEVELOP",IF(DO10<=8.9,"GOOD","VERY GOOD")))) -> #DIV/0!
B11: KM. AKASHIA | H11: 20180182 | I11: MU'ARIEFFATCHURROHMAN AR. R | J11: MASINIS II | L11: 0 tahun 2 bulan 16 hari | AN11: =AVERAGE(M11:AM11) -> #DIV/0! | BD11: 8 | BE11: 8 | BF11: 8 | BG11: 8 | BH11: 8 | BI11: 8 | BJ11: 8 | BK11: 8 | BL11: 8 | BM11: 8 | BN11: 8 | BO11: 8 | BP11: 8 | BQ11: 8 | BR11: 8 | BS11: 8 | BT11: 8 | BU11: 8 | BV11: 8 | BW11: 8 | BX11: 8 | BY11: 8 | BZ11: 8 | CA11: 8 | CB11: 8 | CC11: 8 | CD11: 8 | CE11: 8 | CF11: =AVERAGE(BE11:CE11) -> 8 | DO11: =AVERAGE(CN11:DN11) -> #DIV/0! | EF11: =IF(AN11<=2,"VERY POOR",IF(AN11<=6.5,"POOR",IF(AN11<=8,"NEED TO DEVELOP",IF(AN11<=8.9,"GOOD","VERY GOOD")))) -> #DIV/0! | EG11: =IF(CF11<=2,"VERY POOR",IF(CF11<=6.5,"POOR",IF(CF11<=8,"NEED TO DEVELOP",IF(CF11<=8.9,"GOOD","VERY GOOD")))) -> NEED TO DEVELOP | EH11: =IF(DO11<=2,"VERY POOR",IF(DO11<=6.5,"POOR",IF(DO11<=8,"NEED TO DEVELOP",IF(DO11<=8.9,"GOOD","VERY GOOD")))) -> #DIV/0!
B12: KM. AKASHIA | H12: 20170334 | I12: KHAIRUR ROZIKIN | J12: MASINIS III | L12: 0 tahun 6 bulan 18 hari | AN12: =AVERAGE(M12:AM12) -> #DIV/0! | BD12: 8 | BE12: 8 | BF12: 8 | BG12: 8 | BH12: 8 | BI12: 8 | BJ12: 8 | BK12: 8 | BL12: 8 | BM12: 8 | BN12: 8 | BO12: 8 | BP12: 8 | BQ12: 8 | BR12: 8 | BS12: 8 | BT12: 8 | BU12: 8 | BV12: 8 | BW12: 8 | BX12: 8 | BY12: 8 | BZ12: 8 | CA12: 8 | CB12: 8 | CC12: 8 | CD12: 8 | CE12: 8 | CF12: =AVERAGE(BE12:CE12) -> 8 | DO12: =AVERAGE(CN12:DN12) -> #DIV/0! | EF12: =IF(AN12<=2,"VERY POOR",IF(AN12<=6.5,"POOR",IF(AN12<=8,"NEED TO DEVELOP",IF(AN12<=8.9,"GOOD","VERY GOOD")))) -> #DIV/0! | EG12: =IF(CF12<=2,"VERY POOR",IF(CF12<=6.5,"POOR",IF(CF12<=8,"NEED TO DEVELOP",IF(CF12<=8.9,"GOOD","VERY GOOD")))) -> NEED TO DEVELOP | EH12: =IF(DO12<=2,"VERY POOR",IF(DO12<=6.5,"POOR",IF(DO12<=8,"NEED TO DEVELOP",IF(DO12<=8.9,"GOOD","VERY GOOD")))) -> #DIV/0!
B13: KM. AKASHIA | H13: 20200138 | I13: MUHAMMAD THOYIB ABDULLAH | J13: SERANG | L13: 0 tahun 5 bulan 19 hari | AN13: =AVERAGE(M13:AM13) -> #DIV/0! | CF13: =AVERAGE(BE13:CE13) -> #DIV/0! | CV13: 8 | CW13: 8 | CX13: 7 | CY13: 8 | CZ13: 8 | DA13: 8 | DB13: 8 | DC13: 8 | DD13: 8 | DI13: 8 | DJ13: 7 | DK13: 8 | DL13: 8 | DM13: 7 | DN13: 8 | DO13: =AVERAGE(CN13:DN13) -> 7.8 | EF13: =IF(AN13<=2,"VERY POOR",IF(AN13<=6.5,"POOR",IF(AN13<=8,"NEED TO DEVELOP",IF(AN13<=8.9,"GOOD","VERY GOOD")))) -> #DIV/0! | EG13: =IF(CF13<=2,"VERY POOR",IF(CF13<=6.5,"POOR",IF(CF13<=8,"NEED TO DEVELOP",IF(CF13<=8.9,"GOOD","VERY GOOD")))) -> #DIV/0! | EH13: =IF(DO13<=2,"VERY POOR",IF(DO13<=6.5,"POOR",IF(DO13<=8,"NEED TO DEVELOP",IF(DO13<=8.9,"GOOD","VERY GOOD")))) -> NEED TO DEVELOP
B14: KM. AKASHIA | H14: 20240205 | I14: ABDULLAH | J14: JURU MUDI | L14: 0 tahun 11 bulan 6 hari | AN14: =AVERAGE(M14:AM14) -> #DIV/0! | CF14: =AVERAGE(BE14:CE14) -> #DIV/0! | CV14: 8 | CW14: 8 | CX14: 7 | CY14: 8 | CZ14: 7 | DA14: 7 | DB14: 7 | DC14: 8 | DD14: 8 | DI14: 8 | DJ14: 8 | DK14: 8 | DL14: 7 | DM14: 7 | DN14: 7 | DO14: =AVERAGE(CN14:DN14) -> 7.5333333 | EF14: =IF(AN14<=2,"VERY POOR",IF(AN14<=6.5,"POOR",IF(AN14<=8,"NEED TO DEVELOP",IF(AN14<=8.9,"GOOD","VERY GOOD")))) -> #DIV/0! | EG14: =IF(CF14<=2,"VERY POOR",IF(CF14<=6.5,"POOR",IF(CF14<=8,"NEED TO DEVELOP",IF(CF14<=8.9,"GOOD","VERY GOOD")))) -> #DIV/0! | EH14: =IF(DO14<=2,"VERY POOR",IF(DO14<=6.5,"POOR",IF(DO14<=8,"NEED TO DEVELOP",IF(DO14<=8.9,"GOOD","VERY GOOD")))) -> NEED TO DEVELOP
B15: KM. AKASHIA | H15: 20240286 | I15: ADITYA WARMAN | J15: JURU MUDI | L15: 0 tahun 9 bulan 16 hari | AN15: =AVERAGE(M15:AM15) -> #DIV/0! | CF15: =AVERAGE(BE15:CE15) -> #DIV/0! | CV15: 8 | CW15: 8 | CX15: 7 | CY15: 7 | CZ15: 7 | DA15: 7 | DB15: 8 | DC15: 8 | DD15: 8 | DI15: 8 | DJ15: 8 | DK15: 7 | DL15: 7 | DM15: 7 | DN15: 8 | DO15: =AVERAGE(CN15:DN15) -> 7.5333333 | EF15: =IF(AN15<=2,"VERY POOR",IF(AN15<=6.5,"POOR",IF(AN15<=8,"NEED TO DEVELOP",IF(AN15<=8.9,"GOOD","VERY GOOD")))) -> #DIV/0! | EG15: =IF(CF15<=2,"VERY POOR",IF(CF15<=6.5,"POOR",IF(CF15<=8,"NEED TO DEVELOP",IF(CF15<=8.9,"GOOD","VERY GOOD")))) -> #DIV/0! | EH15: =IF(DO15<=2,"VERY POOR",IF(DO15<=6.5,"POOR",IF(DO15<=8,"NEED TO DEVELOP",IF(DO15<=8.9,"GOOD","VERY GOOD")))) -> NEED TO DEVELOP
B16: KM. AKASHIA | H16: 20130067 | I16: GURUH CHRISTIANTOKO | J16: JURU MUDI | L16: 0 tahun 4 bulan 1 hari | AN16: =AVERAGE(M16:AM16) -> #DIV/0! | CF16: =AVERAGE(BE16:CE16) -> #DIV/0! | CV16: 8 | CW16: 8 | CX16: 7 | CY16: 7 | CZ16: 7 | DA16: 8 | DB16: 8 | DC16: 8 | DD16: 8 | DI16: 7 | DJ16: 8 | DK16: 7 | DL16: 7 | DM16: 7 | DN16: 7 | DO16: =AVERAGE(CN16:DN16) -> 7.4666667 | EF16: =IF(AN16<=2,"VERY POOR",IF(AN16<=6.5,"POOR",IF(AN16<=8,"NEED TO DEVELOP",IF(AN16<=8.9,"GOOD","VERY GOOD")))) -> #DIV/0! | EG16: =IF(CF16<=2,"VERY POOR",IF(CF16<=6.5,"POOR",IF(CF16<=8,"NEED TO DEVELOP",IF(CF16<=8.9,"GOOD","VERY GOOD")))) -> #DIV/0! | EH16: =IF(DO16<=2,"VERY POOR",IF(DO16<=6.5,"POOR",IF(DO16<=8,"NEED TO DEVELOP",IF(DO16<=8.9,"GOOD","VERY GOOD")))) -> NEED TO DEVELOP
B17: KM. AKASHIA | H17: 20240380 | I17: AJI PUTRO PRAYOGO | J17: JURU MINYAK | L17: 0 tahun 6 bulan 22 hari | AN17: =AVERAGE(M17:AM17) -> #DIV/0! | CF17: =AVERAGE(BE17:CE17) -> #DIV/0! | CV17: 8 | CW17: 8 | CX17: 8 | CY17: 8 | CZ17: 8 | DA17: 8 | DB17: 8 | DC17: 8 | DD17: 8 | DI17: 8 | DJ17: 8 | DK17: 8 | DL17: 8 | DM17: 8 | DN17: 8 | DO17: =AVERAGE(CN17:DN17) -> 8 | EF17: =IF(AN17<=2,"VERY POOR",IF(AN17<=6.5,"POOR",IF(AN17<=8,"NEED TO DEVELOP",IF(AN17<=8.9,"GOOD","VERY GOOD")))) -> #DIV/0! | EG17: =IF(CF17<=2,"VERY POOR",IF(CF17<=6.5,"POOR",IF(CF17<=8,"NEED TO DEVELOP",IF(CF17<=8.9,"GOOD","VERY GOOD")))) -> #DIV/0! | EH17: =IF(DO17<=2,"VERY POOR",IF(DO17<=6.5,"POOR",IF(DO17<=8,"NEED TO DEVELOP",IF(DO17<=8.9,"GOOD","VERY GOOD")))) -> NEED TO DEVELOP
B18: KM. AKASHIA | H18: 20230421 | I18: ANGGA YUDA KURNIAWAN | J18: JURU MINYAK | L18: 0 tahun 1 bulan 4 hari | AN18: =AVERAGE(M18:AM18) -> #DIV/0! | CF18: =AVERAGE(BE18:CE18) -> #DIV/0! | DO18: =AVERAGE(CN18:DN18) -> #DIV/0! | EF18: =IF(AN18<=2,"VERY POOR",IF(AN18<=6.5,"POOR",IF(AN18<=8,"NEED TO DEVELOP",IF(AN18<=8.9,"GOOD","VERY GOOD")))) -> #DIV/0! | EG18: =IF(CF18<=2,"VERY POOR",IF(CF18<=6.5,"POOR",IF(CF18<=8,"NEED TO DEVELOP",IF(CF18<=8.9,"GOOD","VERY GOOD")))) -> #DIV/0! | EH18: =IF(DO18<=2,"VERY POOR",IF(DO18<=6.5,"POOR",IF(DO18<=8,"NEED TO DEVELOP",IF(DO18<=8.9,"GOOD","VERY GOOD")))) -> #DIV/0!
B19: KM. AKASHIA | H19: 20250042 | I19: DIO RAMADHANI PUTRA ARYADEWA | J19: JURU MINYAK | L19: 0 tahun 4 bulan 1 hari | AN19: =AVERAGE(M19:AM19) -> #DIV/0! | CF19: =AVERAGE(BE19:CE19) -> #DIV/0! | CV19: 8 | CW19: 8 | CX19: 8 | CY19: 8 | CZ19: 8 | DA19: 8 | DB19: 8 | DC19: 8 | DD19: 8 | DI19: 8 | DJ19: 8 | DK19: 8 | DL19: 8 | DM19: 8 | DN19: 8 | DO19: =AVERAGE(CN19:DN19) -> 8 | EF19: =IF(AN19<=2,"VERY POOR",IF(AN19<=6.5,"POOR",IF(AN19<=8,"NEED TO DEVELOP",IF(AN19<=8.9,"GOOD","VERY GOOD")))) -> #DIV/0! | EG19: =IF(CF19<=2,"VERY POOR",IF(CF19<=6.5,"POOR",IF(CF19<=8,"NEED TO DEVELOP",IF(CF19<=8.9,"GOOD","VERY GOOD")))) -> #DIV/0! | EH19: =IF(DO19<=2,"VERY POOR",IF(DO19<=6.5,"POOR",IF(DO19<=8,"NEED TO DEVELOP",IF(DO19<=8.9,"GOOD","VERY GOOD")))) -> NEED TO DEVELOP
B20: KM. AKASHIA | H20: 20240060 | I20: ERIEK NOVERIANTO | J20: JURU MASAK I | L20: 0 tahun 2 bulan 22 hari | AN20: =AVERAGE(M20:AM20) -> #DIV/0! | CF20: =AVERAGE(BE20:CE20) -> #DIV/0! | CV20: 8 | CW20: 7 | CX20: 8 | CY20: 8 | CZ20: 7 | DA20: 7 | DB20: 7 | DC20: 7 | DD20: 7 | DI20: 7 | DJ20: 7 | DK20: 8 | DL20: 8 | DM20: 7 | DN20: 7 | DO20: =AVERAGE(CN20:DN20) -> 7.3333333 | EF20: =IF(AN20<=2,"VERY POOR",IF(AN20<=6.5,"POOR",IF(AN20<=8,"NEED TO DEVELOP",IF(AN20<=8.9,"GOOD","VERY GOOD")))) -> #DIV/0! | EG20: =IF(CF20<=2,"VERY POOR",IF(CF20<=6.5,"POOR",IF(CF20<=8,"NEED TO DEVELOP",IF(CF20<=8.9,"GOOD","VERY GOOD")))) -> #DIV/0! | EH20: =IF(DO20<=2,"VERY POOR",IF(DO20<=6.5,"POOR",IF(DO20<=8,"NEED TO DEVELOP",IF(DO20<=8.9,"GOOD","VERY GOOD")))) -> NEED TO DEVELOP
B21: KM. ARMADA PERMATA | H21: 20170250 | I21: LUIS DIYANTO RENOL HIDAYAT | J21: MUALIM I | L21: 0 tahun 5 bulan 12 hari | M21: 8 | N21: 7 | O21: 8 | P21: 8 | Q21: 8 | R21: 7 | S21: 8 | T21: 8 | U21: 8 | V21: 7 | W21: 8 | X21: 8 | Y21: 7 | Z21: 8 | AA21: 8 | AB21: 8 | AC21: 8 | AD21: 8 | AE21: 8 | AF21: 7 | AG21: 8 | AH21: 8 | AI21: 7 | AJ21: 8 | AK21: 8 | AL21: 7 | AM21: 7 | AN21: =AVERAGE(M21:AM21) -> 7.7037037 | CF21: =AVERAGE(BE21:CE21) -> #DIV/0! | DO21: =AVERAGE(CN21:DN21) -> #DIV/0! | EF21: =IF(AN21<=2,"VERY POOR",IF(AN21<=6.5,"POOR",IF(AN21<=8,"NEED TO DEVELOP",IF(AN21<=8.9,"GOOD","VERY GOOD")))) -> NEED TO DEVELOP | EG21: =IF(CF21<=2,"VERY POOR",IF(CF21<=6.5,"POOR",IF(CF21<=8,"NEED TO DEVELOP",IF(CF21<=8.9,"GOOD","VERY GOOD")))) -> #DIV/0! | EH21: =IF(DO21<=2,"VERY POOR",IF(DO21<=6.5,"POOR",IF(DO21<=8,"NEED TO DEVELOP",IF(DO21<=8.9,"GOOD","VERY GOOD")))) -> #DIV/0!
B22: KM. ARMADA PERMATA | H22: 20160124 | I22: ANDRI RUSADI | J22: MUALIM II | L22: 0 tahun 5 bulan 21 hari | AN22: =AVERAGE(M22:AM22) -> #DIV/0! | BD22: 7 | BE22: 8 | BF22: 7 | BG22: 8 | BH22: 8 | BI22: 7 | BJ22: 8 | BK22: 8 | BL22: 8 | BM22: 8 | BN22: 8 | BO22: 7 | BP22: 8 | BQ22: 8 | BR22: 8 | BS22: 8 | BT22: 8 | BU22: 8 | BV22: 8 | BW22: 8 | BX22: 8 | BY22: 7 | BZ22: 8 | CA22: 8 | CB22: 7 | CC22: 8 | CD22: 8 | CE22: 8 | CF22: =AVERAGE(BE22:CE22) -> 7.8148148 | CS22: 1 | DO22: =AVERAGE(CN22:DN22) -> 1 | EF22: =IF(AN22<=2,"VERY POOR",IF(AN22<=6.5,"POOR",IF(AN22<=8,"NEED TO DEVELOP",IF(AN22<=8.9,"GOOD","VERY GOOD")))) -> #DIV/0! | EG22: =IF(CF22<=2,"VERY POOR",IF(CF22<=6.5,"POOR",IF(CF22<=8,"NEED TO DEVELOP",IF(CF22<=8.9,"GOOD","VERY GOOD")))) -> NEED TO DEVELOP | EH22: =IF(DO22<=2,"VERY POOR",IF(DO22<=6.5,"POOR",IF(DO22<=8,"NEED TO DEVELOP",IF(DO22<=8.9,"GOOD","VERY GOOD")))) -> VERY POOR
B23: KM. ARMADA PERMATA | H23: 20200298 | I23: FAHMI AMINUDDIN | J23: MUALIM III | L23: 0 tahun 0 bulan 14 hari | AN23: =AVERAGE(M23:AM23) -> #DIV/0! | CF23: =AVERAGE(BE23:CE23) -> #DIV/0! | DO23: =AVERAGE(CN23:DN23) -> #DIV/0! | EF23: =IF(AN23<=2,"VERY POOR",IF(AN23<=6.5,"POOR",IF(AN23<=8,"NEED TO DEVELOP",IF(AN23<=8.9,"GOOD","VERY GOOD")))) -> #DIV/0! | EG23: =IF(CF23<=2,"VERY POOR",IF(CF23<=6.5,"POOR",IF(CF23<=8,"NEED TO DEVELOP",IF(CF23<=8.9,"GOOD","VERY GOOD")))) -> #DIV/0! | EH23: =IF(DO23<=2,"VERY POOR",IF(DO23<=6.5,"POOR",IF(DO23<=8,"NEED TO DEVELOP",IF(DO23<=8.9,"GOOD","VERY GOOD")))) -> #DIV/0!
B24: KM. ARMADA PERMATA | H24: 20060306 | I24: DIAN RIANTO | J24: MASINIS I | L24: 0 tahun 2 bulan 29 hari | M24: 8 | N24: 8 | O24: 8 | P24: 8 | Q24: 8 | R24: 8 | S24: 8 | T24: 8 | U24: 8 | V24: 8 | W24: 8 | X24: 8 | Y24: 8 | Z24: 8 | AA24: 8 | AB24: 8 | AC24: 8 | AD24: 8 | AE24: 8 | AF24: 8 | AG24: 8 | AH24: 8 | AI24: 8 | AJ24: 8 | AK24: 8 | AL24: 8 | AM24: 8 | AN24: =AVERAGE(M24:AM24) -> 8 | AO24: 1 | AQ24: 1 | AR24: 1 | AS24: 1 | AU24: 1 | AX24: 1 | AY24: 1 | BA24: 1 | BB24: 1 | CF24: =AVERAGE(BE24:CE24) -> #DIV/0! | DO24: =AVERAGE(CN24:DN24) -> #DIV/0! | EF24: =IF(AN24<=2,"VERY POOR",IF(AN24<=6.5,"POOR",IF(AN24<=8,"NEED TO DEVELOP",IF(AN24<=8.9,"GOOD","VERY GOOD")))) -> NEED TO DEVELOP | EG24: =IF(CF24<=2,"VERY POOR",IF(CF24<=6.5,"POOR",IF(CF24<=8,"NEED TO DEVELOP",IF(CF24<=8.9,"GOOD","VERY GOOD")))) -> #DIV/0! | EH24: =IF(DO24<=2,"VERY POOR",IF(DO24<=6.5,"POOR",IF(DO24<=8,"NEED TO DEVELOP",IF(DO24<=8.9,"GOOD","VERY GOOD")))) -> #DIV/0!
B25: KM. ARMADA PERMATA | H25: 20140500 | I25: DEDE RUKMANA | J25: MASINIS II | L25: 0 tahun 8 bulan 3 hari | AN25: =AVERAGE(M25:AM25) -> #DIV/0! | BD25: 8 | BE25: 8 | BF25: 8 | BG25: 8 | BH25: 8 | BI25: 8 | BJ25: 8 | BK25: 8 | BL25: 8 | BM25: 7.6 | BN25: 7.7 | BO25: 8 | BP25: 8 | BQ25: 8 | BR25: 8 | BS25: 8 | BT25: 8 | BU25: 8 | BV25: 8 | BW25: 8 | BX25: 8 | BY25: 8 | BZ25: 8 | CA25: 8 | CB25: 8 | CC25: 8 | CD25: 8 | CE25: 8 | CF25: =AVERAGE(BE25:CE25) -> 7.9740741 | CG25: 1 | CI25: 1 | CJ25: 1 | CK25: 1 | CM25: 1 | CQ25: 1 | CR25: 1 | CS25: 1 | DO25: =AVERAGE(CN25:DN25) -> 1 | EF25: =IF(AN25<=2,"VERY POOR",IF(AN25<=6.5,"POOR",IF(AN25<=8,"NEED TO DEVELOP",IF(AN25<=8.9,"GOOD","VERY GOOD")))) -> #DIV/0! | EG25: =IF(CF25<=2,"VERY POOR",IF(CF25<=6.5,"POOR",IF(CF25<=8,"NEED TO DEVELOP",IF(CF25<=8.9,"GOOD","VERY GOOD")))) -> NEED TO DEVELOP | EH25: =IF(DO25<=2,"VERY POOR",IF(DO25<=6.5,"POOR",IF(DO25<=8,"NEED TO DEVELOP",IF(DO25<=8.9,"GOOD","VERY GOOD")))) -> VERY POOR
B26: KM. ARMADA PERMATA | H26: 20150140 | I26: RIVAY LAHU | J26: MASINIS III | L26: 0 tahun 5 bulan 21 hari | AN26: =AVERAGE(M26:AM26) -> #DIV/0! | BD26: 7.8 | BE26: 7.8 | BF26: 7.8 | BG26: 7.8 | BH26: 7.8 | BI26: 7.8 | BJ26: 7.8 | BK26: 7.9 | BL26: 7.8 | BM26: 7.9 | BN26: 7.8 | BO26: 7.9 | BP26: 7.9 | BQ26: 7.9 | BR26: 7.9 | BS26: 7.9 | BT26: 7.9 | BU26: 7.9 | BV26: 7.9 | BW26: 7.9 | BX26: 7.9 | BY26: 7.9 | BZ26: 8 | CA26: 7.9 | CB26: 7.8 | CC26: 7.8 | CD26: 7.8 | CE26: 7.5 | CF26: =AVERAGE(BE26:CE26) -> 7.8481481 | CG26: 1 | CI26: 1 | CJ26: 1 | CK26: 1 | CL26: 1 | CM26: 1 | CN26: 1 | CP26: 1 | CQ26: 1 | CR26: 1 | CS26: 1 | CU26: 1 | DO26: =AVERAGE(CN26:DN26) -> 1 | EF26: =IF(AN26<=2,"VERY POOR",IF(AN26<=6.5,"POOR",IF(AN26<=8,"NEED TO DEVELOP",IF(AN26<=8.9,"GOOD","VERY GOOD")))) -> #DIV/0! | EG26: =IF(CF26<=2,"VERY POOR",IF(CF26<=6.5,"POOR",IF(CF26<=8,"NEED TO DEVELOP",IF(CF26<=8.9,"GOOD","VERY GOOD")))) -> NEED TO DEVELOP | EH26: =IF(DO26<=2,"VERY POOR",IF(DO26<=6.5,"POOR",IF(DO26<=8,"NEED TO DEVELOP",IF(DO26<=8.9,"GOOD","VERY GOOD")))) -> VERY POOR
B27: KM. ARMADA PERMATA | H27: 20160471 | I27: MOCH IRVAN | J27: SERANG | L27: 0 tahun 11 bulan 1 hari | AN27: =AVERAGE(M27:AM27) -> #DIV/0! | CF27: =AVERAGE(BE27:CE27) -> #DIV/0! | CV27: 8 | CW27: 8 | CX27: 8 | CY27: 7 | CZ27: 8 | DA27: 8 | DB27: 8 | DC27: 8 | DD27: 7 | DE27: 8 | DF27: 8 | DG27: 8 | DH27: 8 | DI27: 8 | DJ27: 7 | DK27: 8 | DL27: 8 | DM27: 7 | DN27: 7 | DO27: =AVERAGE(CN27:DN27) -> 7.7368421 | EF27: =IF(AN27<=2,"VERY POOR",IF(AN27<=6.5,"POOR",IF(AN27<=8,"NEED TO DEVELOP",IF(AN27<=8.9,"GOOD","VERY GOOD")))) -> #DIV/0! | EG27: =IF(CF27<=2,"VERY POOR",IF(CF27<=6.5,"POOR",IF(CF27<=8,"NEED TO DEVELOP",IF(CF27<=8.9,"GOOD","VERY GOOD")))) -> #DIV/0! | EH27: =IF(DO27<=2,"VERY POOR",IF(DO27<=6.5,"POOR",IF(DO27<=8,"NEED TO DEVELOP",IF(DO27<=8.9,"GOOD","VERY GOOD")))) -> NEED TO DEVELOP
B28: KM. ARMADA PERMATA | H28: 20240098 | I28: FEBRI DARMA JANRI BUTAR-BUTAR | J28: JURU MUDI | L28: 0 tahun 0 bulan 24 hari | AN28: =AVERAGE(M28:AM28) -> #DIV/0! | CF28: =AVERAGE(BE28:CE28) -> #DIV/0! | DO28: =AVERAGE(CN28:DN28) -> #DIV/0! | EF28: =IF(AN28<=2,"VERY POOR",IF(AN28<=6.5,"POOR",IF(AN28<=8,"NEED TO DEVELOP",IF(AN28<=8.9,"GOOD","VERY GOOD")))) -> #DIV/0! | EG28: =IF(CF28<=2,"VERY POOR",IF(CF28<=6.5,"POOR",IF(CF28<=8,"NEED TO DEVELOP",IF(CF28<=8.9,"GOOD","VERY GOOD")))) -> #DIV/0! | EH28: =IF(DO28<=2,"VERY POOR",IF(DO28<=6.5,"POOR",IF(DO28<=8,"NEED TO DEVELOP",IF(DO28<=8.9,"GOOD","VERY GOOD")))) -> #DIV/0!
B29: KM. ARMADA PERMATA | H29: 20240014 | I29: MAULANA | J29: JURU MUDI | L29: 0 tahun 2 bulan 18 hari | AN29: =AVERAGE(M29:AM29) -> #DIV/0! | CF29: =AVERAGE(BE29:CE29) -> #DIV/0! | CV29: 8 | CW29: 7 | CX29: 8 | CY29: 8 | CZ29: 8 | DA29: 7 | DB29: 8 | DC29: 8 | DD29: 8 | DI29: 8 | DJ29: 8 | DK29: 8 | DL29: 7 | DM29: 7 | DN29: 8 | DO29: =AVERAGE(CN29:DN29) -> 7.7333333 | EF29: =IF(AN29<=2,"VERY POOR",IF(AN29<=6.5,"POOR",IF(AN29<=8,"NEED TO DEVELOP",IF(AN29<=8.9,"GOOD","VERY GOOD")))) -> #DIV/0! | EG29: =IF(CF29<=2,"VERY POOR",IF(CF29<=6.5,"POOR",IF(CF29<=8,"NEED TO DEVELOP",IF(CF29<=8.9,"GOOD","VERY GOOD")))) -> #DIV/0! | EH29: =IF(DO29<=2,"VERY POOR",IF(DO29<=6.5,"POOR",IF(DO29<=8,"NEED TO DEVELOP",IF(DO29<=8.9,"GOOD","VERY GOOD")))) -> NEED TO DEVELOP
B30: KM. ARMADA PERMATA | H30: 20240309 | I30: SYAHRIL HADRAWI | J30: JURU MUDI | L30: 0 tahun 8 bulan 22 hari | AN30: =AVERAGE(M30:AM30) -> #DIV/0! | CF30: =AVERAGE(BE30:CE30) -> #DIV/0! | CV30: 8 | CW30: 8 | CX30: 8 | CY30: 8 | CZ30: 8 | DA30: 7 | DB30: 8 | DC30: 8 | DD30: 8 | DI30: 8 | DJ30: 8 | DK30: 8 | DL30: 7 | DM30: 7 | DN30: 8 | DO30: =AVERAGE(CN30:DN30) -> 7.8 | EF30: =IF(AN30<=2,"VERY POOR",IF(AN30<=6.5,"POOR",IF(AN30<=8,"NEED TO DEVELOP",IF(AN30<=8.9,"GOOD","VERY GOOD")))) -> #DIV/0! | EG30: =IF(CF30<=2,"VERY POOR",IF(CF30<=6.5,"POOR",IF(CF30<=8,"NEED TO DEVELOP",IF(CF30<=8.9,"GOOD","VERY GOOD")))) -> #DIV/0! | EH30: =IF(DO30<=2,"VERY POOR",IF(DO30<=6.5,"POOR",IF(DO30<=8,"NEED TO DEVELOP",IF(DO30<=8.9,"GOOD","VERY GOOD")))) -> NEED TO DEVELOP
B31: KM. ARMADA PERMATA | H31: 20220121 | I31: SAS TRIYONO | J31: ELECTRICIAN | L31: 0 tahun 9 bulan 2 hari | AN31: =AVERAGE(M31:AM31) -> #DIV/0! | CF31: =AVERAGE(BE31:CE31) -> #DIV/0! | CV31: 8 | CW31: 8 | CX31: 8 | CY31: 8 | CZ31: 8 | DA31: 8 | DB31: 8 | DC31: 8 | DD31: 8 | DI31: 8 | DJ31: 8 | DK31: 8 | DL31: 8 | DM31: 8 | DN31: 8 | DO31: =AVERAGE(CN31:DN31) -> 8 | DP31: 1 | DQ31: 1 | DR31: 1 | DT31: 1 | DW31: 1 | EA31: 1 | ED31: 1 | EF31: =IF(AN31<=2,"VERY POOR",IF(AN31<=6.5,"POOR",IF(AN31<=8,"NEED TO DEVELOP",IF(AN31<=8.9,"GOOD","VERY GOOD")))) -> #DIV/0! | EG31: =IF(CF31<=2,"VERY POOR",IF(CF31<=6.5,"POOR",IF(CF31<=8,"NEED TO DEVELOP",IF(CF31<=8.9,"GOOD","VERY GOOD")))) -> #DIV/0! | EH31: =IF(DO31<=2,"VERY POOR",IF(DO31<=6.5,"POOR",IF(DO31<=8,"NEED TO DEVELOP",IF(DO31<=8.9,"GOOD","VERY GOOD")))) -> NEED TO DEVELOP
B32: KM. ARMADA PERMATA | H32: 20180299 | I32: SIGIT KAMSENO | J32: MANDOR MESIN | L32: 0 tahun 3 bulan 19 hari | AN32: =AVERAGE(M32:AM32) -> #DIV/0! | CF32: =AVERAGE(BE32:CE32) -> #DIV/0! | CV32: 7.5 | CW32: 7.5 | CX32: 7.5 | CY32: 7.5 | CZ32: 7.5 | DA32: 7.4 | DB32: 7.4 | DC32: 7.3 | DD32: 7.3 | DI32: 7.4 | DJ32: 7.4 | DK32: 7.6 | DL32: 7.5 | DM32: 7.3 | DN32: 7.5 | DO32: =AVERAGE(CN32:DN32) -> 7.44 | DQ32: 1 | DT32: 1 | DW32: 1 | DZ32: 1 | EB32: 1 | EF32: =IF(AN32<=2,"VERY POOR",IF(AN32<=6.5,"POOR",IF(AN32<=8,"NEED TO DEVELOP",IF(AN32<=8.9,"GOOD","VERY GOOD")))) -> #DIV/0! | EG32: =IF(CF32<=2,"VERY POOR",IF(CF32<=6.5,"POOR",IF(CF32<=8,"NEED TO DEVELOP",IF(CF32<=8.9,"GOOD","VERY GOOD")))) -> #DIV/0! | EH32: =IF(DO32<=2,"VERY POOR",IF(DO32<=6.5,"POOR",IF(DO32<=8,"NEED TO DEVELOP",IF(DO32<=8.9,"GOOD","VERY GOOD")))) -> NEED TO DEVELOP
B33: KM. ARMADA PERMATA | H33: 20180080 | I33: ANDRIK SISWANTO | J33: JURU MINYAK | L33: 0 tahun 2 bulan 17 hari | AN33: =AVERAGE(M33:AM33) -> #DIV/0! | CF33: =AVERAGE(BE33:CE33) -> #DIV/0! | CV33: 7.8 | CW33: 7.8 | CX33: 7.8 | CY33: 7.8 | CZ33: 7.8 | DA33: 7.8 | DB33: 7.8 | DC33: 7.8 | DD33: 7.8 | DI33: 7.8 | DJ33: 7.8 | DK33: 7.8 | DL33: 7.8 | DM33: 7.8 | DN33: 7.8 | DO33: =AVERAGE(CN33:DN33) -> 7.8 | DQ33: 1 | DT33: 1 | DW33: 1 | DZ33: 1 | EB33: 1 | EF33: =IF(AN33<=2,"VERY POOR",IF(AN33<=6.5,"POOR",IF(AN33<=8,"NEED TO DEVELOP",IF(AN33<=8.9,"GOOD","VERY GOOD")))) -> #DIV/0! | EG33: =IF(CF33<=2,"VERY POOR",IF(CF33<=6.5,"POOR",IF(CF33<=8,"NEED TO DEVELOP",IF(CF33<=8.9,"GOOD","VERY GOOD")))) -> #DIV/0! | EH33: =IF(DO33<=2,"VERY POOR",IF(DO33<=6.5,"POOR",IF(DO33<=8,"NEED TO DEVELOP",IF(DO33<=8.9,"GOOD","VERY GOOD")))) -> NEED TO DEVELOP
B34: KM. ARMADA PERMATA | H34: 20240078 | I34: PARIS | J34: JURU MINYAK | L34: 0 tahun 3 bulan 21 hari | AN34: =AVERAGE(M34:AM34) -> #DIV/0! | CF34: =AVERAGE(BE34:CE34) -> #DIV/0! | CV34: 7.9 | CW34: 7.9 | CX34: 7.9 | CY34: 7.9 | CZ34: 7.9 | DA34: 7.9 | DB34: 7.9 | DC34: 7.9 | DD34: 7.9 | DI34: 7.9 | DJ34: 7.9 | DK34: 7.9 | DL34: 7.9 | DM34: 7.9 | DN34: 7.9 | DO34: =AVERAGE(CN34:DN34) -> 7.9 | DQ34: 1 | DT34: 1 | DW34: 1 | DZ34: 1 | EB34: 1 | EF34: =IF(AN34<=2,"VERY POOR",IF(AN34<=6.5,"POOR",IF(AN34<=8,"NEED TO DEVELOP",IF(AN34<=8.9,"GOOD","VERY GOOD")))) -> #DIV/0! | EG34: =IF(CF34<=2,"VERY POOR",IF(CF34<=6.5,"POOR",IF(CF34<=8,"NEED TO DEVELOP",IF(CF34<=8.9,"GOOD","VERY GOOD")))) -> #DIV/0! | EH34: =IF(DO34<=2,"VERY POOR",IF(DO34<=6.5,"POOR",IF(DO34<=8,"NEED TO DEVELOP",IF(DO34<=8.9,"GOOD","VERY GOOD")))) -> NEED TO DEVELOP
B35: KM. ARMADA PERMATA | H35: 20230290 | I35: TRIKO LAKSONO | J35: JURU MINYAK | L35: 0 tahun 8 bulan 9 hari | AN35: =AVERAGE(M35:AM35) -> #DIV/0! | CF35: =AVERAGE(BE35:CE35) -> #DIV/0! | CV35: 7.6 | CW35: 7.6 | CX35: 7.6 | CY35: 7.6 | CZ35: 7.5 | DA35: 7.5 | DB35: 7.6 | DC35: 7.6 | DD35: 7.6 | DI35: 7.6 | DJ35: 7.6 | DK35: 7.6 | DL35: 7.6 | DM35: 7.6 | DN35: 7.6 | DO35: =AVERAGE(CN35:DN35) -> 7.5866667 | DQ35: 1 | DT35: 1 | DW35: 1 | DZ35: 1 | EB35: 1 | EF35: =IF(AN35<=2,"VERY POOR",IF(AN35<=6.5,"POOR",IF(AN35<=8,"NEED TO DEVELOP",IF(AN35<=8.9,"GOOD","VERY GOOD")))) -> #DIV/0! | EG35: =IF(CF35<=2,"VERY POOR",IF(CF35<=6.5,"POOR",IF(CF35<=8,"NEED TO DEVELOP",IF(CF35<=8.9,"GOOD","VERY GOOD")))) -> #DIV/0! | EH35: =IF(DO35<=2,"VERY POOR",IF(DO35<=6.5,"POOR",IF(DO35<=8,"NEED TO DEVELOP",IF(DO35<=8.9,"GOOD","VERY GOOD")))) -> NEED TO DEVELOP
B36: KM. ARMADA PERMATA | H36: 20090669 | I36: ENGLE RIANTO MANUAHE | J36: JURU MASAK I | L36: 0 tahun 8 bulan 22 hari | AN36: =AVERAGE(M36:AM36) -> #DIV/0! | CF36: =AVERAGE(BE36:CE36) -> #DIV/0! | CV36: 7 | CW36: 8 | CX36: 8 | CY36: 8 | CZ36: 8 | DA36: 7 | DB36: 8 | DC36: 8 | DD36: 8 | DF36: ` | DI36: 8 | DJ36: 8 | DK36: 8 | DL36: 8 | DM36: 7 | DN36: 8 | DO36: =AVERAGE(CN36:DN36) -> 7.8 | EF36: =IF(AN36<=2,"VERY POOR",IF(AN36<=6.5,"POOR",IF(AN36<=8,"NEED TO DEVELOP",IF(AN36<=8.9,"GOOD","VERY GOOD")))) -> #DIV/0! | EG36: =IF(CF36<=2,"VERY POOR",IF(CF36<=6.5,"POOR",IF(CF36<=8,"NEED TO DEVELOP",IF(CF36<=8.9,"GOOD","VERY GOOD")))) -> #DIV/0! | EH36: =IF(DO36<=2,"VERY POOR",IF(DO36<=6.5,"POOR",IF(DO36<=8,"NEED TO DEVELOP",IF(DO36<=8.9,"GOOD","VERY GOOD")))) -> NEED TO DEVELOP
B37: KM. ARMADA SEGARA | H37: 20120560 | I37: ERWIN MAIANA ABASTIYAN | J37: MUALIM I | L37: 0 tahun 1 bulan 27 hari | M37: 8 | N37: 7 | O37: 7 | P37: 9 | Q37: 8 | R37: 8 | S37: 7 | T37: 8 | U37: 8 | V37: 9 | W37: 7 | X37: 8 | Y37: 8 | Z37: 8 | AA37: 7 | AB37: 8 | AC37: 8 | AD37: 7 | AE37: 7 | AF37: 8 | AG37: 9 | AH37: 9 | AI37: 8 | AJ37: 8 | AK37: 9 | AL37: 8 | AM37: 8 | AN37: =AVERAGE(M37:AM37) -> 7.9259259 | CF37: =AVERAGE(BE37:CE37) -> #DIV/0! | DO37: =AVERAGE(CN37:DN37) -> #DIV/0! | EF37: =IF(AN37<=2,"VERY POOR",IF(AN37<=6.5,"POOR",IF(AN37<=8,"NEED TO DEVELOP",IF(AN37<=8.9,"GOOD","VERY GOOD")))) -> NEED TO DEVELOP | EG37: =IF(CF37<=2,"VERY POOR",IF(CF37<=6.5,"POOR",IF(CF37<=8,"NEED TO DEVELOP",IF(CF37<=8.9,"GOOD","VERY GOOD")))) -> #DIV/0! | EH37: =IF(DO37<=2,"VERY POOR",IF(DO37<=6.5,"POOR",IF(DO37<=8,"NEED TO DEVELOP",IF(DO37<=8.9,"GOOD","VERY GOOD")))) -> #DIV/0!
B38: KM. ARMADA SEGARA | H38: 20160457 | I38: DEDDY ARDIANSYAH | J38: MUALIM II | L38: 0 tahun 3 bulan 22 hari | AN38: =AVERAGE(M38:AM38) -> #DIV/0! | BD38: 7 | BE38: 8 | BF38: 8 | BG38: 8 | BH38: 7 | BI38: 8 | BJ38: 8 | BK38: 8 | BL38: 8 | BM38: 7 | BN38: 7 | BO38: 9 | BP38: 8 | BQ38: 8 | BR38: 7 | BS38: 7 | BT38: 8 | BU38: 7 | BV38: 7 | BW38: 7 | BX38: 8 | BY38: 9 | BZ38: 7 | CA38: 7 | CB38: 7 | CC38: 8 | CD38: 7 | CE38: 8 | CF38: =AVERAGE(BE38:CE38) -> 7.6296296 | DO38: =AVERAGE(CN38:DN38) -> #DIV/0! | EF38: =IF(AN38<=2,"VERY POOR",IF(AN38<=6.5,"POOR",IF(AN38<=8,"NEED TO DEVELOP",IF(AN38<=8.9,"GOOD","VERY GOOD")))) -> #DIV/0! | EG38: =IF(CF38<=2,"VERY POOR",IF(CF38<=6.5,"POOR",IF(CF38<=8,"NEED TO DEVELOP",IF(CF38<=8.9,"GOOD","VERY GOOD")))) -> NEED TO DEVELOP | EH38: =IF(DO38<=2,"VERY POOR",IF(DO38<=6.5,"POOR",IF(DO38<=8,"NEED TO DEVELOP",IF(DO38<=8.9,"GOOD","VERY GOOD")))) -> #DIV/0!
B39: KM. ARMADA SEGARA | H39: 20180145 | I39: M. AMIRUL HAMZAH | J39: MUALIM III | L39: 0 tahun 8 bulan 25 hari | AN39: =AVERAGE(M39:AM39) -> #DIV/0! | BD39: 9 | BE39: 8 | BF39: 8 | BG39: 7 | BH39: 7 | BI39: 8 | BJ39: 8 | BK39: 8 | BL39: 8 | BM39: 7 | BN39: 7 | BO39: 8 | BP39: 8 | BQ39: 7 | BR39: 9 | BS39: 8 | BT39: 8 | BU39: 7 | BV39: 7 | BW39: 7 | BX39: 7 | BY39: 8 | BZ39: 7 | CA39: 8 | CB39: 7 | CC39: 8 | CD39: 8 | CE39: 8 | CF39: =AVERAGE(BE39:CE39) -> 7.6296296 | DO39: =AVERAGE(CN39:DN39) -> #DIV/0! | EF39: =IF(AN39<=2,"VERY POOR",IF(AN39<=6.5,"POOR",IF(AN39<=8,"NEED TO DEVELOP",IF(AN39<=8.9,"GOOD","VERY GOOD")))) -> #DIV/0! | EG39: =IF(CF39<=2,"VERY POOR",IF(CF39<=6.5,"POOR",IF(CF39<=8,"NEED TO DEVELOP",IF(CF39<=8.9,"GOOD","VERY GOOD")))) -> NEED TO DEVELOP | EH39: =IF(DO39<=2,"VERY POOR",IF(DO39<=6.5,"POOR",IF(DO39<=8,"NEED TO DEVELOP",IF(DO39<=8.9,"GOOD","VERY GOOD")))) -> #DIV/0!
B40: KM. ARMADA SEGARA | H40: 20160389 | I40: GABE ROBEMA SIHALOHO | J40: MASINIS I | L40: 0 tahun 1 bulan 22 hari | M40: 8 | N40: 7.5 | O40: 8 | P40: 8 | Q40: 8 | R40: 8 | S40: 8 | T40: 8 | U40: 8 | V40: 8 | W40: 8 | X40: 8 | Y40: 8 | Z40: 8 | AA40: 8 | AB40: 8 | AC40: 8 | AD40: 8 | AE40: 8 | AF40: 8 | AG40: 8 | AH40: 8 | AI40: 8 | AJ40: 8 | AK40: 8 | AL40: 8 | AM40: 7.5 | AN40: =AVERAGE(M40:AM40) -> 7.962963 | CF40: =AVERAGE(BE40:CE40) -> #DIV/0! | DO40: =AVERAGE(CN40:DN40) -> #DIV/0! | EF40: =IF(AN40<=2,"VERY POOR",IF(AN40<=6.5,"POOR",IF(AN40<=8,"NEED TO DEVELOP",IF(AN40<=8.9,"GOOD","VERY GOOD")))) -> NEED TO DEVELOP | EG40: =IF(CF40<=2,"VERY POOR",IF(CF40<=6.5,"POOR",IF(CF40<=8,"NEED TO DEVELOP",IF(CF40<=8.9,"GOOD","VERY GOOD")))) -> #DIV/0! | EH40: =IF(DO40<=2,"VERY POOR",IF(DO40<=6.5,"POOR",IF(DO40<=8,"NEED TO DEVELOP",IF(DO40<=8.9,"GOOD","VERY GOOD")))) -> #DIV/0!
B41: KM. ARMADA SEGARA | H41: 20190022 | I41: WONO PRAPTONO | J41: MASINIS II | L41: 0 tahun 0 bulan 8 hari | AN41: =AVERAGE(M41:AM41) -> #DIV/0! | CF41: =AVERAGE(BE41:CE41) -> #DIV/0! | DO41: =AVERAGE(CN41:DN41) -> #DIV/0! | EF41: =IF(AN41<=2,"VERY POOR",IF(AN41<=6.5,"POOR",IF(AN41<=8,"NEED TO DEVELOP",IF(AN41<=8.9,"GOOD","VERY GOOD")))) -> #DIV/0! | EG41: =IF(CF41<=2,"VERY POOR",IF(CF41<=6.5,"POOR",IF(CF41<=8,"NEED TO DEVELOP",IF(CF41<=8.9,"GOOD","VERY GOOD")))) -> #DIV/0! | EH41: =IF(DO41<=2,"VERY POOR",IF(DO41<=6.5,"POOR",IF(DO41<=8,"NEED TO DEVELOP",IF(DO41<=8.9,"GOOD","VERY GOOD")))) -> #DIV/0!
B42: KM. ARMADA SEGARA | H42: 20200106 | I42: MUHAMMAD FAISAL PASSA | J42: MASINIS III | L42: 0 tahun 6 bulan 17 hari | AN42: =AVERAGE(M42:AM42) -> #DIV/0! | BD42: 8 | BE42: 8 | BF42: 7.5 | BG42: 8 | BH42: 8 | BI42: 8 | BJ42: 8 | BK42: 8 | BL42: 8 | BM42: 8 | BN42: 8 | BO42: 8 | BP42: 8 | BQ42: 8 | BR42: 7.5 | BS42: 8 | BT42: 8 | BU42: 8 | BV42: 8 | BW42: 8 | BX42: 7.5 | BY42: 8 | BZ42: 8 | CA42: 8 | CB42: 8 | CC42: 8 | CD42: 8 | CE42: 7.5 | CF42: =AVERAGE(BE42:CE42) -> 7.9259259 | DO42: =AVERAGE(CN42:DN42) -> #DIV/0! | EF42: =IF(AN42<=2,"VERY POOR",IF(AN42<=6.5,"POOR",IF(AN42<=8,"NEED TO DEVELOP",IF(AN42<=8.9,"GOOD","VERY GOOD")))) -> #DIV/0! | EG42: =IF(CF42<=2,"VERY POOR",IF(CF42<=6.5,"POOR",IF(CF42<=8,"NEED TO DEVELOP",IF(CF42<=8.9,"GOOD","VERY GOOD")))) -> NEED TO DEVELOP | EH42: =IF(DO42<=2,"VERY POOR",IF(DO42<=6.5,"POOR",IF(DO42<=8,"NEED TO DEVELOP",IF(DO42<=8.9,"GOOD","VERY GOOD")))) -> #DIV/0!
B43: KM. ARMADA SEGARA | H43: 20050028 | I43: UNTUNG TRIGOSENO | J43: SERANG | L43: 0 tahun 1 bulan 2 hari | AN43: =AVERAGE(M43:AM43) -> #DIV/0! | CF43: =AVERAGE(BE43:CE43) -> #DIV/0! | CV43: 8 | CW43: 7 | CX43: 7 | CY43: 9 | CZ43: 7 | DA43: 8 | DB43: 8 | DC43: 8 | DD43: 8 | DE43: 8 | DF43: 8 | DG43: 7 | DH43: 7 | DI43: 7 | DJ43: 7 | DK43: 8 | DL43: 7 | DM43: 9 | DN43: 7 | DO43: =AVERAGE(CN43:DN43) -> 7.6315789 | EF43: =IF(AN43<=2,"VERY POOR",IF(AN43<=6.5,"POOR",IF(AN43<=8,"NEED TO DEVELOP",IF(AN43<=8.9,"GOOD","VERY GOOD")))) -> #DIV/0! | EG43: =IF(CF43<=2,"VERY POOR",IF(CF43<=6.5,"POOR",IF(CF43<=8,"NEED TO DEVELOP",IF(CF43<=8.9,"GOOD","VERY GOOD")))) -> #DIV/0! | EH43: =IF(DO43<=2,"VERY POOR",IF(DO43<=6.5,"POOR",IF(DO43<=8,"NEED TO DEVELOP",IF(DO43<=8.9,"GOOD","VERY GOOD")))) -> NEED TO DEVELOP
B44: KM. ARMADA SEGARA | H44: 20210170 | I44: AFRIAN IWAN NUGROHO | J44: JURU MUDI | L44: 0 tahun 0 bulan 23 hari | AN44: =AVERAGE(M44:AM44) -> #DIV/0! | CF44: =AVERAGE(BE44:CE44) -> #DIV/0! | CV44: 8 | CW44: 9 | CX44: 7 | CY44: 8 | CZ44: 8 | DA44: 7 | DB44: 7 | DC44: 8 | DD44: 7 | DI44: 8 | DJ44: 8 | DK44: 7 | DL44: 7 | DM44: 9 | DN44: 7 | DO44: =AVERAGE(CN44:DN44) -> 7.6666667 | EF44: =IF(AN44<=2,"VERY POOR",IF(AN44<=6.5,"POOR",IF(AN44<=8,"NEED TO DEVELOP",IF(AN44<=8.9,"GOOD","VERY GOOD")))) -> #DIV/0! | EG44: =IF(CF44<=2,"VERY POOR",IF(CF44<=6.5,"POOR",IF(CF44<=8,"NEED TO DEVELOP",IF(CF44<=8.9,"GOOD","VERY GOOD")))) -> #DIV/0! | EH44: =IF(DO44<=2,"VERY POOR",IF(DO44<=6.5,"POOR",IF(DO44<=8,"NEED TO DEVELOP",IF(DO44<=8.9,"GOOD","VERY GOOD")))) -> NEED TO DEVELOP
B45: KM. ARMADA SEGARA | H45: 20240393 | I45: MUHAMAD RIZKY ( WK ) | J45: JURU MUDI | L45: 0 tahun 5 bulan 22 hari | AN45: =AVERAGE(M45:AM45) -> #DIV/0! | CF45: =AVERAGE(BE45:CE45) -> #DIV/0! | CV45: 8 | CW45: 8 | CX45: 7 | CY45: 7 | CZ45: 8 | DA45: 9 | DB45: 7 | DC45: 8 | DD45: 8 | DI45: 7 | DJ45: 7 | DK45: 8 | DL45: 7 | DM45: 9 | DN45: 7 | DO45: =AVERAGE(CN45:DN45) -> 7.6666667 | EF45: =IF(AN45<=2,"VERY POOR",IF(AN45<=6.5,"POOR",IF(AN45<=8,"NEED TO DEVELOP",IF(AN45<=8.9,"GOOD","VERY GOOD")))) -> #DIV/0! | EG45: =IF(CF45<=2,"VERY POOR",IF(CF45<=6.5,"POOR",IF(CF45<=8,"NEED TO DEVELOP",IF(CF45<=8.9,"GOOD","VERY GOOD")))) -> #DIV/0! | EH45: =IF(DO45<=2,"VERY POOR",IF(DO45<=6.5,"POOR",IF(DO45<=8,"NEED TO DEVELOP",IF(DO45<=8.9,"GOOD","VERY GOOD")))) -> NEED TO DEVELOP
B46: KM. ARMADA SEGARA | H46: 20250022 | I46: MUHAMMAD JULKIFLI ALI | J46: JURU MUDI | L46: 0 tahun 4 bulan 28 hari | AN46: =AVERAGE(M46:AM46) -> #DIV/0! | CF46: =AVERAGE(BE46:CE46) -> #DIV/0! | CV46: 8 | CW46: 7 | CX46: 7 | CY46: 7 | CZ46: 8 | DA46: 8 | DB46: 7 | DC46: 8 | DD46: 7 | DI46: 7 | DJ46: 7 | DK46: 8 | DL46: 9 | DM46: 7 | DN46: 7 | DO46: =AVERAGE(CN46:DN46) -> 7.4666667 | EF46: =IF(AN46<=2,"VERY POOR",IF(AN46<=6.5,"POOR",IF(AN46<=8,"NEED TO DEVELOP",IF(AN46<=8.9,"GOOD","VERY GOOD")))) -> #DIV/0! | EG46: =IF(CF46<=2,"VERY POOR",IF(CF46<=6.5,"POOR",IF(CF46<=8,"NEED TO DEVELOP",IF(CF46<=8.9,"GOOD","VERY GOOD")))) -> #DIV/0! | EH46: =IF(DO46<=2,"VERY POOR",IF(DO46<=6.5,"POOR",IF(DO46<=8,"NEED TO DEVELOP",IF(DO46<=8.9,"GOOD","VERY GOOD")))) -> NEED TO DEVELOP
B47: KM. ARMADA SEGARA | H47: 20230116 | I47: HIKAMI FACHRI ZALDI ( T ) | J47: ELECTRICIAN | L47: 0 tahun 1 bulan 21 hari | AN47: =AVERAGE(M47:AM47) -> #DIV/0! | BD47: 8 | BE47: 8 | BF47: 8 | BG47: 8 | BH47: 8 | BI47: 8 | BJ47: 8 | BK47: 8 | BL47: 8 | BM47: 8 | BN47: 8 | BO47: 8 | BP47: 7.5 | BQ47: 8 | BR47: 7.5 | BS47: 8 | BT47: 8 | BU47: 8 | BV47: 8 | BW47: 8 | BX47: 7.5 | BY47: 8 | BZ47: 8 | CA47: 8 | CB47: 8 | CC47: 7.5 | CD47: 8 | CE47: 8 | CF47: =AVERAGE(BE47:CE47) -> 7.9259259 | DO47: =AVERAGE(CN47:DN47) -> #DIV/0! | EF47: =IF(AN47<=2,"VERY POOR",IF(AN47<=6.5,"POOR",IF(AN47<=8,"NEED TO DEVELOP",IF(AN47<=8.9,"GOOD","VERY GOOD")))) -> #DIV/0! | EG47: =IF(CF47<=2,"VERY POOR",IF(CF47<=6.5,"POOR",IF(CF47<=8,"NEED TO DEVELOP",IF(CF47<=8.9,"GOOD","VERY GOOD")))) -> NEED TO DEVELOP | EH47: =IF(DO47<=2,"VERY POOR",IF(DO47<=6.5,"POOR",IF(DO47<=8,"NEED TO DEVELOP",IF(DO47<=8.9,"GOOD","VERY GOOD")))) -> #DIV/0!
B48: KM. ARMADA SEGARA | H48: 20210171 | I48: DONI DWI WIBOWO | J48: MANDOR MESIN | L48: 0 tahun 0 bulan 8 hari | AN48: =AVERAGE(M48:AM48) -> #DIV/0! | CF48: =AVERAGE(BE48:CE48) -> #DIV/0! | CV48: 8 | CW48: 8 | CX48: 8 | CY48: 8 | CZ48: 8 | DA48: 8 | DB48: 8 | DC48: 8 | DD48: 8 | DI48: 8 | DJ48: 8 | DK48: 8 | DL48: 8 | DM48: 7.5 | DN48: 8 | DO48: =AVERAGE(CN48:DN48) -> 7.9666667 | EF48: =IF(AN48<=2,"VERY POOR",IF(AN48<=6.5,"POOR",IF(AN48<=8,"NEED TO DEVELOP",IF(AN48<=8.9,"GOOD","VERY GOOD")))) -> #DIV/0! | EG48: =IF(CF48<=2,"VERY POOR",IF(CF48<=6.5,"POOR",IF(CF48<=8,"NEED TO DEVELOP",IF(CF48<=8.9,"GOOD","VERY GOOD")))) -> #DIV/0! | EH48: =IF(DO48<=2,"VERY POOR",IF(DO48<=6.5,"POOR",IF(DO48<=8,"NEED TO DEVELOP",IF(DO48<=8.9,"GOOD","VERY GOOD")))) -> NEED TO DEVELOP
B49: KM. ARMADA SEGARA | H49: 20250002 | I49: HASANUDIN | J49: JURU MINYAK | L49: 0 tahun 5 bulan 22 hari | AN49: =AVERAGE(M49:AM49) -> #DIV/0! | CF49: =AVERAGE(BE49:CE49) -> #DIV/0! | CV49: 8 | CW49: 8 | CX49: 8 | CY49: 8 | CZ49: 8 | DA49: 7.5 | DB49: 8 | DC49: 8 | DD49: 8 | DI49: 8 | DJ49: 8 | DK49: 8 | DL49: 8 | DM49: 7.5 | DN49: 8 | DO49: =AVERAGE(CN49:DN49) -> 7.9333333 | EF49: =IF(AN49<=2,"VERY POOR",IF(AN49<=6.5,"POOR",IF(AN49<=8,"NEED TO DEVELOP",IF(AN49<=8.9,"GOOD","VERY GOOD")))) -> #DIV/0! | EG49: =IF(CF49<=2,"VERY POOR",IF(CF49<=6.5,"POOR",IF(CF49<=8,"NEED TO DEVELOP",IF(CF49<=8.9,"GOOD","VERY GOOD")))) -> #DIV/0! | EH49: =IF(DO49<=2,"VERY POOR",IF(DO49<=6.5,"POOR",IF(DO49<=8,"NEED TO DEVELOP",IF(DO49<=8.9,"GOOD","VERY GOOD")))) -> NEED TO DEVELOP
B50: KM. ARMADA SEGARA | H50: 20250021 | I50: IBRAHIM BUNGA | J50: JURU MINYAK | L50: 0 tahun 4 bulan 28 hari | AN50: =AVERAGE(M50:AM50) -> #DIV/0! | CF50: =AVERAGE(BE50:CE50) -> #DIV/0! | CV50: 8 | CW50: 8 | CX50: 8 | CY50: 8 | CZ50: 8 | DA50: 7.5 | DB50: 8 | DC50: 8 | DD50: 8 | DI50: 8 | DJ50: 8 | DK50: 8 | DL50: 8 | DM50: 7.5 | DN50: 8 | DO50: =AVERAGE(CN50:DN50) -> 7.9333333 | EF50: =IF(AN50<=2,"VERY POOR",IF(AN50<=6.5,"POOR",IF(AN50<=8,"NEED TO DEVELOP",IF(AN50<=8.9,"GOOD","VERY GOOD")))) -> #DIV/0! | EG50: =IF(CF50<=2,"VERY POOR",IF(CF50<=6.5,"POOR",IF(CF50<=8,"NEED TO DEVELOP",IF(CF50<=8.9,"GOOD","VERY GOOD")))) -> #DIV/0! | EH50: =IF(DO50<=2,"VERY POOR",IF(DO50<=6.5,"POOR",IF(DO50<=8,"NEED TO DEVELOP",IF(DO50<=8.9,"GOOD","VERY GOOD")))) -> NEED TO DEVELOP
B51: KM. ARMADA SEGARA | H51: 20250033 | I51: USMANUL ABDILLAH | J51: JURU MINYAK | L51: 0 tahun 4 bulan 14 hari | AN51: =AVERAGE(M51:AM51) -> #DIV/0! | CF51: =AVERAGE(BE51:CE51) -> #DIV/0! | CV51: 8 | CW51: 8 | CX51: 8 | CY51: 8 | CZ51: 8 | DA51: 7.5 | DB51: 8 | DC51: 8 | DD51: 8 | DI51: 8 | DJ51: 8 | DK51: 8 | DL51: 8 | DM51: 7.5 | DN51: 8 | DO51: =AVERAGE(CN51:DN51) -> 7.9333333 | EF51: =IF(AN51<=2,"VERY POOR",IF(AN51<=6.5,"POOR",IF(AN51<=8,"NEED TO DEVELOP",IF(AN51<=8.9,"GOOD","VERY GOOD")))) -> #DIV/0! | EG51: =IF(CF51<=2,"VERY POOR",IF(CF51<=6.5,"POOR",IF(CF51<=8,"NEED TO DEVELOP",IF(CF51<=8.9,"GOOD","VERY GOOD")))) -> #DIV/0! | EH51: =IF(DO51<=2,"VERY POOR",IF(DO51<=6.5,"POOR",IF(DO51<=8,"NEED TO DEVELOP",IF(DO51<=8.9,"GOOD","VERY GOOD")))) -> NEED TO DEVELOP
B52: KM. ARMADA SEGARA | H52: 20150228 | I52: DJAKA SANTOSO | J52: JURU MASAK I | L52: 0 tahun 1 bulan 8 hari | AN52: =AVERAGE(M52:AM52) -> #DIV/0! | CF52: =AVERAGE(BE52:CE52) -> #DIV/0! | CV52: 7 | CW52: 7 | CX52: 7 | CY52: 9 | CZ52: 8 | DA52: 8 | DB52: 7 | DC52: 8 | DD52: 7 | DI52: 7 | DJ52: 7 | DK52: 8 | DL52: 9 | DM52: 8 | DN52: 7 | DO52: =AVERAGE(CN52:DN52) -> 7.6 | EF52: =IF(AN52<=2,"VERY POOR",IF(AN52<=6.5,"POOR",IF(AN52<=8,"NEED TO DEVELOP",IF(AN52<=8.9,"GOOD","VERY GOOD")))) -> #DIV/0! | EG52: =IF(CF52<=2,"VERY POOR",IF(CF52<=6.5,"POOR",IF(CF52<=8,"NEED TO DEVELOP",IF(CF52<=8.9,"GOOD","VERY GOOD")))) -> #DIV/0! | EH52: =IF(DO52<=2,"VERY POOR",IF(DO52<=6.5,"POOR",IF(DO52<=8,"NEED TO DEVELOP",IF(DO52<=8.9,"GOOD","VERY GOOD")))) -> NEED TO DEVELOP
B53: KM. ARMADA SENADA | H53: 20160021 | I53: FANDI SONDAK | J53: MUALIM I | L53: 0 tahun 6 bulan 12 hari | M53: 8 | N53: 8 | O53: 8 | P53: 8 | Q53: 8 | R53: 8 | S53: 7 | T53: 7 | U53: 7 | V53: 7 | W53: 7 | X53: 7 | Y53: 7 | Z53: 7 | AA53: 7 | AB53: 7 | AC53: 8 | AD53: 7 | AE53: 7 | AF53: 7 | AG53: 8 | AH53: 7 | AI53: 7 | AJ53: 7 | AK53: 7 | AL53: 7 | AM53: 7 | AN53: =AVERAGE(M53:AM53) -> 7.2962963 | CF53: =AVERAGE(BE53:CE53) -> #DIV/0! | DO53: =AVERAGE(CN53:DN53) -> #DIV/0! | EF53: =IF(AN53<=2,"VERY POOR",IF(AN53<=6.5,"POOR",IF(AN53<=8,"NEED TO DEVELOP",IF(AN53<=8.9,"GOOD","VERY GOOD")))) -> NEED TO DEVELOP | EG53: =IF(CF53<=2,"VERY POOR",IF(CF53<=6.5,"POOR",IF(CF53<=8,"NEED TO DEVELOP",IF(CF53<=8.9,"GOOD","VERY GOOD")))) -> #DIV/0! | EH53: =IF(DO53<=2,"VERY POOR",IF(DO53<=6.5,"POOR",IF(DO53<=8,"NEED TO DEVELOP",IF(DO53<=8.9,"GOOD","VERY GOOD")))) -> #DIV/0!
B54: KM. ARMADA SENADA | H54: 20190387 | I54: ABDULLAH RIZKI BARAKAHTU H.P | J54: MUALIM II | L54: 0 tahun 1 bulan 6 hari | AN54: =AVERAGE(M54:AM54) -> #DIV/0! | BD54: 8 | BE54: 8 | BF54: 8 | BG54: 8 | BH54: 8 | BI54: 8 | BJ54: 8 | BK54: 7 | BL54: 7 | BM54: 7 | BN54: 7 | BO54: 7 | BP54: 7 | BQ54: 7 | BR54: 7 | BS54: 7 | BT54: 7 | BU54: 7 | BV54: 7 | BW54: 7 | BX54: 7 | BY54: 7 | BZ54: 7 | CA54: 7 | CB54: 7 | CC54: 7 | CD54: 7 | CE54: 7 | CF54: =AVERAGE(BE54:CE54) -> 7.2222222 | DO54: =AVERAGE(CN54:DN54) -> #DIV/0! | EF54: =IF(AN54<=2,"VERY POOR",IF(AN54<=6.5,"POOR",IF(AN54<=8,"NEED TO DEVELOP",IF(AN54<=8.9,"GOOD","VERY GOOD")))) -> #DIV/0! | EG54: =IF(CF54<=2,"VERY POOR",IF(CF54<=6.5,"POOR",IF(CF54<=8,"NEED TO DEVELOP",IF(CF54<=8.9,"GOOD","VERY GOOD")))) -> NEED TO DEVELOP | EH54: =IF(DO54<=2,"VERY POOR",IF(DO54<=6.5,"POOR",IF(DO54<=8,"NEED TO DEVELOP",IF(DO54<=8.9,"GOOD","VERY GOOD")))) -> #DIV/0!
B55: KM. ARMADA SENADA | H55: 20190394 | I55: HADY GIDEON GINTING | J55: MUALIM III | L55: 0 tahun 5 bulan 10 hari | AN55: =AVERAGE(M55:AM55) -> #DIV/0! | BD55: 8 | BE55: 8 | BF55: 8 | BG55: 8 | BH55: 8 | BI55: 8 | BJ55: 8 | BK55: 7 | BL55: 7 | BM55: 7 | BN55: 7 | BO55: 7 | BP55: 7 | BQ55: 7 | BR55: 7 | BS55: 8 | BT55: 8 | BU55: 7 | BV55: 7 | BW55: 7 | BY55: 7 | BZ55: 7 | CA55: 8 | CB55: 7 | CC55: 7 | CD55: 7 | CE55: 7 | CF55: =AVERAGE(BE55:CE55) -> 7.3461538 | DO55: =AVERAGE(CN55:DN55) -> #DIV/0! | EF55: =IF(AN55<=2,"VERY POOR",IF(AN55<=6.5,"POOR",IF(AN55<=8,"NEED TO DEVELOP",IF(AN55<=8.9,"GOOD","VERY GOOD")))) -> #DIV/0! | EG55: =IF(CF55<=2,"VERY POOR",IF(CF55<=6.5,"POOR",IF(CF55<=8,"NEED TO DEVELOP",IF(CF55<=8.9,"GOOD","VERY GOOD")))) -> NEED TO DEVELOP | EH55: =IF(DO55<=2,"VERY POOR",IF(DO55<=6.5,"POOR",IF(DO55<=8,"NEED TO DEVELOP",IF(DO55<=8.9,"GOOD","VERY GOOD")))) -> #DIV/0!
B56: KM. ARMADA SENADA | H56: 20210240 | I56: AGUS SUGIYANTO | J56: MASINIS I | L56: 0 tahun 5 bulan 27 hari | M56: 8 | N56: 7.5 | O56: 7.5 | P56: 8 | Q56: 8 | R56: 8 | S56: 7 | T56: 8 | U56: 8 | V56: 7.5 | W56: 8 | X56: 8 | Y56: 8 | Z56: 8 | AA56: 7 | AB56: 8 | AC56: 7.5 | AD56: 8 | AE56: 7.5 | AF56: 8 | AG56: 8 | AH56: 8 | AI56: 7 | AJ56: 8 | AK56: 7.5 | AL56: 8 | AM56: 7.5 | AN56: =AVERAGE(M56:AM56) -> 7.7592593 | CF56: =AVERAGE(BE56:CE56) -> #DIV/0! | DO56: =AVERAGE(CN56:DN56) -> #DIV/0! | EF56: =IF(AN56<=2,"VERY POOR",IF(AN56<=6.5,"POOR",IF(AN56<=8,"NEED TO DEVELOP",IF(AN56<=8.9,"GOOD","VERY GOOD")))) -> NEED TO DEVELOP | EG56: =IF(CF56<=2,"VERY POOR",IF(CF56<=6.5,"POOR",IF(CF56<=8,"NEED TO DEVELOP",IF(CF56<=8.9,"GOOD","VERY GOOD")))) -> #DIV/0! | EH56: =IF(DO56<=2,"VERY POOR",IF(DO56<=6.5,"POOR",IF(DO56<=8,"NEED TO DEVELOP",IF(DO56<=8.9,"GOOD","VERY GOOD")))) -> #DIV/0!
B57: KM. ARMADA SENADA | H57: 20160203 | I57: LEO SAPUTRA | J57: MASINIS II | L57: 0 tahun 5 bulan 8 hari | AN57: =AVERAGE(M57:AM57) -> #DIV/0! | BD57: 8 | BE57: 7.5 | BF57: 8 | BG57: 8 | BH57: 7.5 | BI57: 8 | BJ57: 8 | BK57: 8 | BL57: 8 | BM57: 7.5 | BN57: 8 | BO57: 8 | BP57: 8 | BQ57: 7.5 | BR57: 8 | BS57: 8 | BT57: 8 | BU57: 7.5 | BV57: 8 | BW57: 7 | BX57: 8 | BY57: 7 | BZ57: 8 | CA57: 8 | CB57: 8 | CC57: 8 | CD57: 7.5 | CE57: 8 | CF57: =AVERAGE(BE57:CE57) -> 7.8148148 | DO57: =AVERAGE(CN57:DN57) -> #DIV/0! | EF57: =IF(AN57<=2,"VERY POOR",IF(AN57<=6.5,"POOR",IF(AN57<=8,"NEED TO DEVELOP",IF(AN57<=8.9,"GOOD","VERY GOOD")))) -> #DIV/0! | EG57: =IF(CF57<=2,"VERY POOR",IF(CF57<=6.5,"POOR",IF(CF57<=8,"NEED TO DEVELOP",IF(CF57<=8.9,"GOOD","VERY GOOD")))) -> NEED TO DEVELOP | EH57: =IF(DO57<=2,"VERY POOR",IF(DO57<=6.5,"POOR",IF(DO57<=8,"NEED TO DEVELOP",IF(DO57<=8.9,"GOOD","VERY GOOD")))) -> #DIV/0!
B58: KM. ARMADA SENADA | H58: 20160186 | I58: ANTON WIYONO | J58: MASINIS III | L58: 0 tahun 5 bulan 1 hari | AN58: =AVERAGE(M58:AM58) -> #DIV/0! | BD58: 7.5 | BE58: 8 | BF58: 8 | BG58: 7 | BH58: 8 | BI58: 8 | BJ58: 8 | BK58: 7.5 | BL58: 8 | BM58: 7 | BN58: 8 | BO58: 8 | BP58: 8 | BQ58: 8 | BR58: 8 | BS58: 8 | BT58: 7.5 | BU58: 8 | BV58: 8 | BW58: 7.5 | BX58: 8 | BY58: 8 | BZ58: 7.5 | CA58: 8 | CB58: 8 | CC58: 8 | CD58: 7.5 | CE58: 7.5 | CF58: =AVERAGE(BE58:CE58) -> 7.8148148 | DO58: =AVERAGE(CN58:DN58) -> #DIV/0! | EF58: =IF(AN58<=2,"VERY POOR",IF(AN58<=6.5,"POOR",IF(AN58<=8,"NEED TO DEVELOP",IF(AN58<=8.9,"GOOD","VERY GOOD")))) -> #DIV/0! | EG58: =IF(CF58<=2,"VERY POOR",IF(CF58<=6.5,"POOR",IF(CF58<=8,"NEED TO DEVELOP",IF(CF58<=8.9,"GOOD","VERY GOOD")))) -> NEED TO DEVELOP | EH58: =IF(DO58<=2,"VERY POOR",IF(DO58<=6.5,"POOR",IF(DO58<=8,"NEED TO DEVELOP",IF(DO58<=8.9,"GOOD","VERY GOOD")))) -> #DIV/0!
B59: KM. ARMADA SENADA | H59: 20120781 | I59: IRFANSYAH | J59: SERANG | L59: 0 tahun 2 bulan 12 hari | AN59: =AVERAGE(M59:AM59) -> #DIV/0! | CF59: =AVERAGE(BE59:CE59) -> #DIV/0! | CV59: 8 | CW59: 8 | CX59: 7 | CY59: 8 | CZ59: 7 | DA59: 7 | DB59: 8 | DC59: 8 | DD59: 7 | DE59: 7 | DF59: 8 | DG59: 7 | DH59: 8 | DI59: 8 | DJ59: 8 | DK59: 8 | DL59: 8 | DM59: 7 | DN59: 7 | DO59: =AVERAGE(CN59:DN59) -> 7.5789474 | EF59: =IF(AN59<=2,"VERY POOR",IF(AN59<=6.5,"POOR",IF(AN59<=8,"NEED TO DEVELOP",IF(AN59<=8.9,"GOOD","VERY GOOD")))) -> #DIV/0! | EG59: =IF(CF59<=2,"VERY POOR",IF(CF59<=6.5,"POOR",IF(CF59<=8,"NEED TO DEVELOP",IF(CF59<=8.9,"GOOD","VERY GOOD")))) -> #DIV/0! | EH59: =IF(DO59<=2,"VERY POOR",IF(DO59<=6.5,"POOR",IF(DO59<=8,"NEED TO DEVELOP",IF(DO59<=8.9,"GOOD","VERY GOOD")))) -> NEED TO DEVELOP
B60: KM. ARMADA SENADA | H60: 20240391 | I60: HAMMAM ATHO ILLAH ( BS ) | J60: JURU MUDI | L60: 0 tahun 6 bulan 12 hari | AN60: =AVERAGE(M60:AM60) -> #DIV/0! | CF60: =AVERAGE(BE60:CE60) -> #DIV/0! | CV60: 7 | CW60: 7 | CX60: 7 | CY60: 7 | CZ60: 7 | DA60: 7 | DB60: 7 | DC60: 7 | DD60: 7 | DI60: 7 | DJ60: 7 | DK60: 7 | DL60: 7 | DM60: 7 | DN60: 7 | DO60: =AVERAGE(CN60:DN60) -> 7 | EF60: =IF(AN60<=2,"VERY POOR",IF(AN60<=6.5,"POOR",IF(AN60<=8,"NEED TO DEVELOP",IF(AN60<=8.9,"GOOD","VERY GOOD")))) -> #DIV/0! | EG60: =IF(CF60<=2,"VERY POOR",IF(CF60<=6.5,"POOR",IF(CF60<=8,"NEED TO DEVELOP",IF(CF60<=8.9,"GOOD","VERY GOOD")))) -> #DIV/0! | EH60: =IF(DO60<=2,"VERY POOR",IF(DO60<=6.5,"POOR",IF(DO60<=8,"NEED TO DEVELOP",IF(DO60<=8.9,"GOOD","VERY GOOD")))) -> NEED TO DEVELOP
B61: KM. ARMADA SENADA | H61: 20240381 | I61: M. GILANG SUKMA BAHTIAR ( BS ) | J61: JURU MUDI | L61: 0 tahun 5 bulan 27 hari | AN61: =AVERAGE(M61:AM61) -> #DIV/0! | CF61: =AVERAGE(BE61:CE61) -> #DIV/0! | CV61: 8 | CW61: 7 | CX61: 7 | CY61: 7 | CZ61: 7 | DA61: 7 | DB61: 7 | DC61: 8 | DD61: 7 | DI61: 7 | DJ61: 7 | DK61: 8 | DL61: 7 | DM61: 7 | DN61: 7 | DO61: =AVERAGE(CN61:DN61) -> 7.2 | EF61: =IF(AN61<=2,"VERY POOR",IF(AN61<=6.5,"POOR",IF(AN61<=8,"NEED TO DEVELOP",IF(AN61<=8.9,"GOOD","VERY GOOD")))) -> #DIV/0! | EG61: =IF(CF61<=2,"VERY POOR",IF(CF61<=6.5,"POOR",IF(CF61<=8,"NEED TO DEVELOP",IF(CF61<=8.9,"GOOD","VERY GOOD")))) -> #DIV/0! | EH61: =IF(DO61<=2,"VERY POOR",IF(DO61<=6.5,"POOR",IF(DO61<=8,"NEED TO DEVELOP",IF(DO61<=8.9,"GOOD","VERY GOOD")))) -> NEED TO DEVELOP
B62: KM. ARMADA SENADA | H62: 20240399 | I62: MUHAMMAD NURUL AZMI | J62: JURU MUDI | L62: 0 tahun 6 bulan 7 hari | AN62: =AVERAGE(M62:AM62) -> #DIV/0! | CF62: =AVERAGE(BE62:CE62) -> #DIV/0! | CV62: 7 | CW62: 8 | CX62: 7 | CY62: 8 | CZ62: 8 | DA62: 7 | DB62: 7 | DC62: 7 | DD62: 7 | DI62: 7 | DJ62: 7 | DK62: 7 | DL62: 7 | DM62: 7 | DN62: 7 | DO62: =AVERAGE(CN62:DN62) -> 7.2 | EF62: =IF(AN62<=2,"VERY POOR",IF(AN62<=6.5,"POOR",IF(AN62<=8,"NEED TO DEVELOP",IF(AN62<=8.9,"GOOD","VERY GOOD")))) -> #DIV/0! | EG62: =IF(CF62<=2,"VERY POOR",IF(CF62<=6.5,"POOR",IF(CF62<=8,"NEED TO DEVELOP",IF(CF62<=8.9,"GOOD","VERY GOOD")))) -> #DIV/0! | EH62: =IF(DO62<=2,"VERY POOR",IF(DO62<=6.5,"POOR",IF(DO62<=8,"NEED TO DEVELOP",IF(DO62<=8.9,"GOOD","VERY GOOD")))) -> NEED TO DEVELOP
B63: KM. ARMADA SENADA | H63: 20080286 | I63: NGGADI | J63: MANDOR MESIN | L63: 0 tahun 5 bulan 27 hari | AN63: =AVERAGE(M63:AM63) -> #DIV/0! | CF63: =AVERAGE(BE63:CE63) -> #DIV/0! | CV63: 8 | CW63: 8 | CX63: 7.5 | CY63: 8 | CZ63: 7 | DA63: 7.5 | DB63: 8 | DC63: 8 | DD63: 7.5 | DI63: 8 | DJ63: 7.5 | DK63: 7 | DL63: 8 | DM63: 7 | DN63: 7.5 | DO63: =AVERAGE(CN63:DN63) -> 7.6333333 | EF63: =IF(AN63<=2,"VERY POOR",IF(AN63<=6.5,"POOR",IF(AN63<=8,"NEED TO DEVELOP",IF(AN63<=8.9,"GOOD","VERY GOOD")))) -> #DIV/0! | EG63: =IF(CF63<=2,"VERY POOR",IF(CF63<=6.5,"POOR",IF(CF63<=8,"NEED TO DEVELOP",IF(CF63<=8.9,"GOOD","VERY GOOD")))) -> #DIV/0! | EH63: =IF(DO63<=2,"VERY POOR",IF(DO63<=6.5,"POOR",IF(DO63<=8,"NEED TO DEVELOP",IF(DO63<=8.9,"GOOD","VERY GOOD")))) -> NEED TO DEVELOP
B64: KM. ARMADA SENADA | H64: 20230106 | I64: BUDI WARDOYO | J64: JURU MINYAK | L64: 0 tahun 5 bulan 27 hari | AN64: =AVERAGE(M64:AM64) -> #DIV/0! | CF64: =AVERAGE(BE64:CE64) -> #DIV/0! | DO64: =AVERAGE(CN64:DN64) -> #DIV/0! | EF64: =IF(AN64<=2,"VERY POOR",IF(AN64<=6.5,"POOR",IF(AN64<=8,"NEED TO DEVELOP",IF(AN64<=8.9,"GOOD","VERY GOOD")))) -> #DIV/0! | EG64: =IF(CF64<=2,"VERY POOR",IF(CF64<=6.5,"POOR",IF(CF64<=8,"NEED TO DEVELOP",IF(CF64<=8.9,"GOOD","VERY GOOD")))) -> #DIV/0! | EH64: =IF(DO64<=2,"VERY POOR",IF(DO64<=6.5,"POOR",IF(DO64<=8,"NEED TO DEVELOP",IF(DO64<=8.9,"GOOD","VERY GOOD")))) -> #DIV/0!
B65: KM. ARMADA SENADA | H65: 20240400 | I65: HASRIN | J65: JURU MINYAK | L65: 0 tahun 6 bulan 7 hari | AN65: =AVERAGE(M65:AM65) -> #DIV/0! | CF65: =AVERAGE(BE65:CE65) -> #DIV/0! | CV65: 8 | CW65: 7.5 | CX65: 7 | CY65: 8 | CZ65: 7 | DA65: 8 | DB65: 8 | DC65: 7 | DD65: 7.5 | DI65: 7 | DJ65: 8 | DK65: 8 | DL65: 7 | DM65: 7 | DN65: 7 | DO65: =AVERAGE(CN65:DN65) -> 7.4666667 | EF65: =IF(AN65<=2,"VERY POOR",IF(AN65<=6.5,"POOR",IF(AN65<=8,"NEED TO DEVELOP",IF(AN65<=8.9,"GOOD","VERY GOOD")))) -> #DIV/0! | EG65: =IF(CF65<=2,"VERY POOR",IF(CF65<=6.5,"POOR",IF(CF65<=8,"NEED TO DEVELOP",IF(CF65<=8.9,"GOOD","VERY GOOD")))) -> #DIV/0! | EH65: =IF(DO65<=2,"VERY POOR",IF(DO65<=6.5,"POOR",IF(DO65<=8,"NEED TO DEVELOP",IF(DO65<=8.9,"GOOD","VERY GOOD")))) -> NEED TO DEVELOP
B66: KM. ARMADA SENADA | H66: 20240392 | I66: KRISNA MUKTI STIABUDI ( BS ) | J66: JURU MINYAK | L66: 0 tahun 6 bulan 12 hari | AN66: =AVERAGE(M66:AM66) -> #DIV/0! | CF66: =AVERAGE(BE66:CE66) -> #DIV/0! | CV66: 7 | CW66: 7 | CX66: 7 | CY66: 8 | CZ66: 7 | DA66: 8 | DB66: 7.5 | DC66: 7 | DD66: 8 | DI66: 7 | DJ66: 7 | DK66: 8 | DL66: 7 | DM66: 7 | DN66: 7.5 | DO66: =AVERAGE(CN66:DN66) -> 7.3333333 | EF66: =IF(AN66<=2,"VERY POOR",IF(AN66<=6.5,"POOR",IF(AN66<=8,"NEED TO DEVELOP",IF(AN66<=8.9,"GOOD","VERY GOOD")))) -> #DIV/0! | EG66: =IF(CF66<=2,"VERY POOR",IF(CF66<=6.5,"POOR",IF(CF66<=8,"NEED TO DEVELOP",IF(CF66<=8.9,"GOOD","VERY GOOD")))) -> #DIV/0! | EH66: =IF(DO66<=2,"VERY POOR",IF(DO66<=6.5,"POOR",IF(DO66<=8,"NEED TO DEVELOP",IF(DO66<=8.9,"GOOD","VERY GOOD")))) -> NEED TO DEVELOP
B67: KM. ARMADA SENADA | H67: 20240262 | I67: REDMOND MICHELE YIDO R | J67: JURU MASAK I | L67: 0 tahun 0 bulan 23 hari | AN67: =AVERAGE(M67:AM67) -> #DIV/0! | CF67: =AVERAGE(BE67:CE67) -> #DIV/0! | CV67: 8 | CW67: 7 | CX67: 8 | CY67: 7 | CZ67: 7 | DA67: 7 | DB67: 7 | DC67: 7 | DD67: 7 | DI67: 7 | DJ67: 7 | DK67: 7 | DL67: 7 | DM67: 7 | DN67: 7 | DO67: =AVERAGE(CN67:DN67) -> 7.1333333 | EF67: =IF(AN67<=2,"VERY POOR",IF(AN67<=6.5,"POOR",IF(AN67<=8,"NEED TO DEVELOP",IF(AN67<=8.9,"GOOD","VERY GOOD")))) -> #DIV/0! | EG67: =IF(CF67<=2,"VERY POOR",IF(CF67<=6.5,"POOR",IF(CF67<=8,"NEED TO DEVELOP",IF(CF67<=8.9,"GOOD","VERY GOOD")))) -> #DIV/0! | EH67: =IF(DO67<=2,"VERY POOR",IF(DO67<=6.5,"POOR",IF(DO67<=8,"NEED TO DEVELOP",IF(DO67<=8.9,"GOOD","VERY GOOD")))) -> NEED TO DEVELOP
B68: KM. ARMADA SERASI | H68: 20130730 | I68: ALI FIRDOS | J68: MUALIM I | L68: 0 tahun 8 bulan 4 hari | M68: 8 | N68: 8 | O68: 8 | P68: 8 | Q68: 8 | R68: 8 | S68: 8 | T68: 8 | U68: 8 | V68: 8 | W68: 8 | X68: 8 | Y68: 8 | Z68: 8 | AA68: 8 | AB68: 8 | AC68: 8 | AD68: 8 | AE68: 8 | AF68: 8 | AG68: 8 | AH68: 8 | AI68: 8 | AJ68: 8 | AK68: 8 | AL68: 8 | AM68: 8 | AN68: =AVERAGE(M68:AM68) -> 8 | CF68: =AVERAGE(BE68:CE68) -> #DIV/0! | DO68: =AVERAGE(CN68:DN68) -> #DIV/0! | EF68: =IF(AN68<=2,"VERY POOR",IF(AN68<=6.5,"POOR",IF(AN68<=8,"NEED TO DEVELOP",IF(AN68<=8.9,"GOOD","VERY GOOD")))) -> NEED TO DEVELOP | EG68: =IF(CF68<=2,"VERY POOR",IF(CF68<=6.5,"POOR",IF(CF68<=8,"NEED TO DEVELOP",IF(CF68<=8.9,"GOOD","VERY GOOD")))) -> #DIV/0! | EH68: =IF(DO68<=2,"VERY POOR",IF(DO68<=6.5,"POOR",IF(DO68<=8,"NEED TO DEVELOP",IF(DO68<=8.9,"GOOD","VERY GOOD")))) -> #DIV/0!
B69: KM. ARMADA SERASI | H69: 20180422 | I69: ZICO | J69: MUALIM II | L69: 0 tahun 7 bulan 4 hari | AN69: =AVERAGE(M69:AM69) -> #DIV/0! | BD69: 8 | BE69: 8 | BF69: 8 | BG69: 8 | BH69: 8 | BI69: 8 | BJ69: 8 | BK69: 8 | BL69: 7 | BM69: 8 | BN69: 8 | BO69: 8 | BP69: 8 | BQ69: 8 | BR69: 8 | BS69: 8 | BT69: 8 | BU69: 8 | BV69: 8 | BW69: 8 | BX69: 8 | BY69: 8 | BZ69: 8 | CA69: 8 | CB69: 8 | CC69: 8 | CD69: 8 | CE69: 8 | CF69: 8 | DO69: =AVERAGE(CN69:DN69) -> #DIV/0! | EF69: =IF(AN69<=2,"VERY POOR",IF(AN69<=6.5,"POOR",IF(AN69<=8,"NEED TO DEVELOP",IF(AN69<=8.9,"GOOD","VERY GOOD")))) -> #DIV/0! | EG69: =IF(CF69<=2,"VERY POOR",IF(CF69<=6.5,"POOR",IF(CF69<=8,"NEED TO DEVELOP",IF(CF69<=8.9,"GOOD","VERY GOOD")))) -> NEED TO DEVELOP | EH69: =IF(DO69<=2,"VERY POOR",IF(DO69<=6.5,"POOR",IF(DO69<=8,"NEED TO DEVELOP",IF(DO69<=8.9,"GOOD","VERY GOOD")))) -> #DIV/0!
B70: KM. ARMADA SERASI | H70: 20200362 | I70: REZA BELA | J70: MUALIM III | L70: 0 tahun 8 bulan 27 hari | AN70: =AVERAGE(M70:AM70) -> #DIV/0! | BD70: 8 | BE70: 8 | BF70: 8 | BG70: 8 | BH70: 8 | BI70: 8 | BJ70: 8 | BK70: 8 | BL70: 8 | BM70: 8 | BN70: 8 | BO70: 8 | BP70: 8 | BQ70: 8 | BR70: 8 | BS70: 8 | BT70: 8 | BU70: 8 | BV70: 8 | BW70: 7 | BX70: 8 | BY70: 8 | BZ70: 8 | CA70: 8 | CB70: 7 | CC70: 8 | CD70: 8 | CE70: 8 | CF70: =AVERAGE(BE70:CE70) -> 7.9259259 | DO70: =AVERAGE(CN70:DN70) -> #DIV/0! | EF70: =IF(AN70<=2,"VERY POOR",IF(AN70<=6.5,"POOR",IF(AN70<=8,"NEED TO DEVELOP",IF(AN70<=8.9,"GOOD","VERY GOOD")))) -> #DIV/0! | EG70: =IF(CF70<=2,"VERY POOR",IF(CF70<=6.5,"POOR",IF(CF70<=8,"NEED TO DEVELOP",IF(CF70<=8.9,"GOOD","VERY GOOD")))) -> NEED TO DEVELOP | EH70: =IF(DO70<=2,"VERY POOR",IF(DO70<=6.5,"POOR",IF(DO70<=8,"NEED TO DEVELOP",IF(DO70<=8.9,"GOOD","VERY GOOD")))) -> #DIV/0!
B71: KM. ARMADA SERASI | H71: 20160261 | I71: MUNDHOFIR | J71: MASINIS I | L71: 0 tahun 0 bulan 12 hari | AN71: =AVERAGE(M71:AM71) -> #DIV/0! | CF71: =AVERAGE(BE71:CE71) -> #DIV/0! | DO71: =AVERAGE(CN71:DN71) -> #DIV/0! | EF71: =IF(AN71<=2,"VERY POOR",IF(AN71<=6.5,"POOR",IF(AN71<=8,"NEED TO DEVELOP",IF(AN71<=8.9,"GOOD","VERY GOOD")))) -> #DIV/0! | EG71: =IF(CF71<=2,"VERY POOR",IF(CF71<=6.5,"POOR",IF(CF71<=8,"NEED TO DEVELOP",IF(CF71<=8.9,"GOOD","VERY GOOD")))) -> #DIV/0! | EH71: =IF(DO71<=2,"VERY POOR",IF(DO71<=6.5,"POOR",IF(DO71<=8,"NEED TO DEVELOP",IF(DO71<=8.9,"GOOD","VERY GOOD")))) -> #DIV/0!
B72: KM. ARMADA SERASI | H72: 20130781 | I72: LASMIRAN | J72: MASINIS II | L72: 0 tahun 2 bulan 24 hari | AN72: =AVERAGE(M72:AM72) -> #DIV/0! | BD72: 7 | BE72: 7 | BF72: 7 | BG72: 7 | BH72: 7 | BI72: 7 | BJ72: 8 | BK72: 7 | BL72: 7 | BM72: 7 | BN72: 7 | BO72: 7 | BP72: 7 | BQ72: 7 | BR72: 7 | BS72: 7 | BT72: 7 | BU72: 7 | BV72: 8 | BW72: 7 | BX72: 7 | BY72: 7 | BZ72: 7 | CA72: 7 | CB72: 7 | CC72: 7 | CD72: 7 | CE72: 7 | CF72: =AVERAGE(BE72:CE72) -> 7.0740741 | DO72: =AVERAGE(CN72:DN72) -> #DIV/0! | EF72: =IF(AN72<=2,"VERY POOR",IF(AN72<=6.5,"POOR",IF(AN72<=8,"NEED TO DEVELOP",IF(AN72<=8.9,"GOOD","VERY GOOD")))) -> #DIV/0! | EG72: =IF(CF72<=2,"VERY POOR",IF(CF72<=6.5,"POOR",IF(CF72<=8,"NEED TO DEVELOP",IF(CF72<=8.9,"GOOD","VERY GOOD")))) -> NEED TO DEVELOP | EH72: =IF(DO72<=2,"VERY POOR",IF(DO72<=6.5,"POOR",IF(DO72<=8,"NEED TO DEVELOP",IF(DO72<=8.9,"GOOD","VERY GOOD")))) -> #DIV/0!
B73: KM. ARMADA SERASI | H73: 20180406 | I73: ANGGA NOVELLA NURANTIKA | J73: MASINIS III | L73: 0 tahun 1 bulan 3 hari | AN73: =AVERAGE(M73:AM73) -> #DIV/0! | CF73: =AVERAGE(BE73:CE73) -> #DIV/0! | DO73: =AVERAGE(CN73:DN73) -> #DIV/0! | EF73: =IF(AN73<=2,"VERY POOR",IF(AN73<=6.5,"POOR",IF(AN73<=8,"NEED TO DEVELOP",IF(AN73<=8.9,"GOOD","VERY GOOD")))) -> #DIV/0! | EG73: =IF(CF73<=2,"VERY POOR",IF(CF73<=6.5,"POOR",IF(CF73<=8,"NEED TO DEVELOP",IF(CF73<=8.9,"GOOD","VERY GOOD")))) -> #DIV/0! | EH73: =IF(DO73<=2,"VERY POOR",IF(DO73<=6.5,"POOR",IF(DO73<=8,"NEED TO DEVELOP",IF(DO73<=8.9,"GOOD","VERY GOOD")))) -> #DIV/0!
B74: KM. ARMADA SERASI | H74: 20170570 | I74: RUSTAM AFANDI NASUTION | J74: SERANG | L74: 0 tahun 1 bulan 7 hari | AN74: =AVERAGE(M74:AM74) -> #DIV/0! | CF74: =AVERAGE(BE74:CE74) -> #DIV/0! | CV74: 8 | CW74: 8 | CX74: 8 | CY74: 8 | CZ74: 8 | DA74: 8 | DB74: 8 | DC74: 8 | DD74: 8 | DE74: 8 | DF74: 8 | DG74: 8 | DH74: 8 | DI74: 8 | DJ74: 8 | DK74: 7 | DL74: 8 | DM74: 7 | DN74: 8 | DO74: =AVERAGE(CN74:DN74) -> 7.8947368 | EF74: =IF(AN74<=2,"VERY POOR",IF(AN74<=6.5,"POOR",IF(AN74<=8,"NEED TO DEVELOP",IF(AN74<=8.9,"GOOD","VERY GOOD")))) -> #DIV/0! | EG74: =IF(CF74<=2,"VERY POOR",IF(CF74<=6.5,"POOR",IF(CF74<=8,"NEED TO DEVELOP",IF(CF74<=8.9,"GOOD","VERY GOOD")))) -> #DIV/0! | EH74: =IF(DO74<=2,"VERY POOR",IF(DO74<=6.5,"POOR",IF(DO74<=8,"NEED TO DEVELOP",IF(DO74<=8.9,"GOOD","VERY GOOD")))) -> NEED TO DEVELOP
B75: KM. ARMADA SERASI | H75: 20250031 | I75: GENTA TARUNA ADITYA | J75: JURU MUDI | L75: 0 tahun 4 bulan 17 hari | AN75: =AVERAGE(M75:AM75) -> #DIV/0! | CF75: =AVERAGE(BE75:CE75) -> #DIV/0! | CV75: 8 | CW75: 8 | CX75: 8 | CY75: 8 | CZ75: 8 | DA75: 7 | DB75: 8 | DC75: 8 | DD75: 7 | DI75: 8 | DJ75: 7 | DK75: 7 | DL75: 8 | DM75: 7 | DN75: 8 | DO75: =AVERAGE(CN75:DN75) -> 7.6666667 | EF75: =IF(AN75<=2,"VERY POOR",IF(AN75<=6.5,"POOR",IF(AN75<=8,"NEED TO DEVELOP",IF(AN75<=8.9,"GOOD","VERY GOOD")))) -> #DIV/0! | EG75: =IF(CF75<=2,"VERY POOR",IF(CF75<=6.5,"POOR",IF(CF75<=8,"NEED TO DEVELOP",IF(CF75<=8.9,"GOOD","VERY GOOD")))) -> #DIV/0! | EH75: =IF(DO75<=2,"VERY POOR",IF(DO75<=6.5,"POOR",IF(DO75<=8,"NEED TO DEVELOP",IF(DO75<=8.9,"GOOD","VERY GOOD")))) -> NEED TO DEVELOP
B76: KM. ARMADA SERASI | H76: 20230012 | I76: GILANG SATRYA NANGGALA | J76: JURU MUDI | L76: 0 tahun 4 bulan 17 hari | AN76: =AVERAGE(M76:AM76) -> #DIV/0! | CF76: =AVERAGE(BE76:CE76) -> #DIV/0! | CV76: 8 | CW76: 8 | CX76: 8 | CY76: 8 | CZ76: 8 | DA76: 8 | DB76: 8 | DC76: 8 | DD76: 8 | DI76: 8 | DJ76: 8 | DK76: 8 | DL76: 8 | DM76: 8 | DN76: 8 | DO76: =AVERAGE(CN76:DN76) -> 8 | EF76: =IF(AN76<=2,"VERY POOR",IF(AN76<=6.5,"POOR",IF(AN76<=8,"NEED TO DEVELOP",IF(AN76<=8.9,"GOOD","VERY GOOD")))) -> #DIV/0! | EG76: =IF(CF76<=2,"VERY POOR",IF(CF76<=6.5,"POOR",IF(CF76<=8,"NEED TO DEVELOP",IF(CF76<=8.9,"GOOD","VERY GOOD")))) -> #DIV/0! | EH76: =IF(DO76<=2,"VERY POOR",IF(DO76<=6.5,"POOR",IF(DO76<=8,"NEED TO DEVELOP",IF(DO76<=8.9,"GOOD","VERY GOOD")))) -> NEED TO DEVELOP
B77: KM. ARMADA SERASI | H77: 20250009 | I77: RIYAN PRANA YUDHA | J77: JURU MUDI | L77: 0 tahun 5 bulan 13 hari | AN77: =AVERAGE(M77:AM77) -> #DIV/0! | CF77: =AVERAGE(BE77:CE77) -> #DIV/0! | CV77: 8 | CW77: 8 | CX77: 8 | CY77: 8 | CZ77: 8 | DA77: 8 | DB77: 8 | DC77: 8 | DD77: 8 | DI77: 8 | DJ77: 7 | DK77: 7 | DL77: 8 | DM77: 7 | DN77: 8 | DO77: =AVERAGE(CN77:DN77) -> 7.8 | EF77: =IF(AN77<=2,"VERY POOR",IF(AN77<=6.5,"POOR",IF(AN77<=8,"NEED TO DEVELOP",IF(AN77<=8.9,"GOOD","VERY GOOD")))) -> #DIV/0! | EG77: =IF(CF77<=2,"VERY POOR",IF(CF77<=6.5,"POOR",IF(CF77<=8,"NEED TO DEVELOP",IF(CF77<=8.9,"GOOD","VERY GOOD")))) -> #DIV/0! | EH77: =IF(DO77<=2,"VERY POOR",IF(DO77<=6.5,"POOR",IF(DO77<=8,"NEED TO DEVELOP",IF(DO77<=8.9,"GOOD","VERY GOOD")))) -> NEED TO DEVELOP
B78: KM. ARMADA SERASI | H78: 20220335 | I78: RAIMUNDUS RISA ARNESTANTA | J78: ELECTRICIAN | L78: 0 tahun 1 bulan 3 hari | AN78: =AVERAGE(M78:AM78) -> #DIV/0! | CF78: =AVERAGE(BE78:CE78) -> #DIV/0! | DO78: =AVERAGE(CN78:DN78) -> #DIV/0! | EF78: =IF(AN78<=2,"VERY POOR",IF(AN78<=6.5,"POOR",IF(AN78<=8,"NEED TO DEVELOP",IF(AN78<=8.9,"GOOD","VERY GOOD")))) -> #DIV/0! | EG78: =IF(CF78<=2,"VERY POOR",IF(CF78<=6.5,"POOR",IF(CF78<=8,"NEED TO DEVELOP",IF(CF78<=8.9,"GOOD","VERY GOOD")))) -> #DIV/0! | EH78: =IF(DO78<=2,"VERY POOR",IF(DO78<=6.5,"POOR",IF(DO78<=8,"NEED TO DEVELOP",IF(DO78<=8.9,"GOOD","VERY GOOD")))) -> #DIV/0!
B79: KM. ARMADA SERASI | H79: 20180024 | I79: EDI HARIANTO | J79: MANDOR MESIN | L79: 0 tahun 6 bulan 21 hari | AN79: =AVERAGE(M79:AM79) -> #DIV/0! | CF79: =AVERAGE(BE79:CE79) -> #DIV/0! | CV79: 7 | CW79: 6 | CX79: 7 | CY79: 7 | CZ79: 7 | DA79: 7 | DB79: 7 | DC79: 7 | DD79: 7 | DI79: 7 | DJ79: 7 | DK79: 7 | DL79: 7 | DM79: 7 | DN79: 7 | DO79: =AVERAGE(CN79:DN79) -> 6.9333333 | EF79: =IF(AN79<=2,"VERY POOR",IF(AN79<=6.5,"POOR",IF(AN79<=8,"NEED TO DEVELOP",IF(AN79<=8.9,"GOOD","VERY GOOD")))) -> #DIV/0! | EG79: =IF(CF79<=2,"VERY POOR",IF(CF79<=6.5,"POOR",IF(CF79<=8,"NEED TO DEVELOP",IF(CF79<=8.9,"GOOD","VERY GOOD")))) -> #DIV/0! | EH79: =IF(DO79<=2,"VERY POOR",IF(DO79<=6.5,"POOR",IF(DO79<=8,"NEED TO DEVELOP",IF(DO79<=8.9,"GOOD","VERY GOOD")))) -> NEED TO DEVELOP
B80: KM. ARMADA SERASI | H80: 20240131 | I80: ADE ANWAR | J80: JURU MINYAK | L80: 0 tahun 1 bulan 28 hari | AN80: =AVERAGE(M80:AM80) -> #DIV/0! | CF80: =AVERAGE(BE80:CE80) -> #DIV/0! | CV80: 7 | CW80: 7 | CX80: 7 | CY80: 7 | CZ80: 7 | DA80: 7 | DB80: 7 | DC80: 7 | DD80: 7 | DI80: 7 | DJ80: 7 | DK80: 7 | DL80: 7 | DM80: 7 | DN80: 7 | DO80: =AVERAGE(CN80:DN80) -> 7 | EF80: =IF(AN80<=2,"VERY POOR",IF(AN80<=6.5,"POOR",IF(AN80<=8,"NEED TO DEVELOP",IF(AN80<=8.9,"GOOD","VERY GOOD")))) -> #DIV/0! | EG80: =IF(CF80<=2,"VERY POOR",IF(CF80<=6.5,"POOR",IF(CF80<=8,"NEED TO DEVELOP",IF(CF80<=8.9,"GOOD","VERY GOOD")))) -> #DIV/0! | EH80: =IF(DO80<=2,"VERY POOR",IF(DO80<=6.5,"POOR",IF(DO80<=8,"NEED TO DEVELOP",IF(DO80<=8.9,"GOOD","VERY GOOD")))) -> NEED TO DEVELOP
B81: KM. ARMADA SERASI | H81: 20250058 | I81: ARYA ADI PUTRA | J81: JURU MINYAK | L81: 0 tahun 3 bulan 17 hari | AN81: =AVERAGE(M81:AM81) -> #DIV/0! | CF81: =AVERAGE(BE81:CE81) -> #DIV/0! | DO81: =AVERAGE(CN81:DN81) -> #DIV/0! | EF81: =IF(AN81<=2,"VERY POOR",IF(AN81<=6.5,"POOR",IF(AN81<=8,"NEED TO DEVELOP",IF(AN81<=8.9,"GOOD","VERY GOOD")))) -> #DIV/0! | EG81: =IF(CF81<=2,"VERY POOR",IF(CF81<=6.5,"POOR",IF(CF81<=8,"NEED TO DEVELOP",IF(CF81<=8.9,"GOOD","VERY GOOD")))) -> #DIV/0! | EH81: =IF(DO81<=2,"VERY POOR",IF(DO81<=6.5,"POOR",IF(DO81<=8,"NEED TO DEVELOP",IF(DO81<=8.9,"GOOD","VERY GOOD")))) -> #DIV/0!
B82: KM. ARMADA SERASI | H82: 20250108 | I82: KHAIRIL BAYU AJI | J82: JURU MINYAK | L82: 0 tahun 1 bulan 3 hari | AN82: =AVERAGE(M82:AM82) -> #DIV/0! | CF82: =AVERAGE(BE82:CE82) -> #DIV/0! | DO82: =AVERAGE(CN82:DN82) -> #DIV/0! | EF82: =IF(AN82<=2,"VERY POOR",IF(AN82<=6.5,"POOR",IF(AN82<=8,"NEED TO DEVELOP",IF(AN82<=8.9,"GOOD","VERY GOOD")))) -> #DIV/0! | EG82: =IF(CF82<=2,"VERY POOR",IF(CF82<=6.5,"POOR",IF(CF82<=8,"NEED TO DEVELOP",IF(CF82<=8.9,"GOOD","VERY GOOD")))) -> #DIV/0! | EH82: =IF(DO82<=2,"VERY POOR",IF(DO82<=6.5,"POOR",IF(DO82<=8,"NEED TO DEVELOP",IF(DO82<=8.9,"GOOD","VERY GOOD")))) -> #DIV/0!
B83: KM. ARMADA SERASI | H83: 20220265 | I83: BAGUS PANUNTUNG | J83: JURU MASAK I | L83: 0 tahun 8 bulan 17 hari | AN83: =AVERAGE(M83:AM83) -> #DIV/0! | CF83: =AVERAGE(BE83:CE83) -> #DIV/0! | CV83: 8 | CW83: 8 | CX83: 7 | CY83: 7 | CZ83: 8 | DA83: 7 | DB83: 7 | DC83: 8 | DD83: 7 | DI83: 7 | DJ83: 7 | DK83: 7 | DL83: 8 | DM83: 7 | DN83: 7 | DO83: =AVERAGE(CN83:DN83) -> 7.3333333 | EF83: =IF(AN83<=2,"VERY POOR",IF(AN83<=6.5,"POOR",IF(AN83<=8,"NEED TO DEVELOP",IF(AN83<=8.9,"GOOD","VERY GOOD")))) -> #DIV/0! | EG83: =IF(CF83<=2,"VERY POOR",IF(CF83<=6.5,"POOR",IF(CF83<=8,"NEED TO DEVELOP",IF(CF83<=8.9,"GOOD","VERY GOOD")))) -> #DIV/0! | EH83: =IF(DO83<=2,"VERY POOR",IF(DO83<=6.5,"POOR",IF(DO83<=8,"NEED TO DEVELOP",IF(DO83<=8.9,"GOOD","VERY GOOD")))) -> NEED TO DEVELOP
B84: KM. BALI AYU | H84: 20160111 | I84: PANGURIPAN GAJA MADA SITANGGAN | J84: MUALIM I | L84: 0 tahun 4 bulan 10 hari | M84: 8 | N84: 8 | O84: 8 | P84: 9 | Q84: 9 | R84: 9 | S84: 9 | T84: 9 | U84: 9 | V84: 9 | W84: 9 | X84: 9 | Y84: 9 | Z84: 8 | AA84: 8 | AB84: 8 | AC84: 8 | AD84: 9 | AE84: 9 | AF84: 8 | AG84: 9 | AH84: 9 | AI84: 8 | AJ84: 8 | AK84: 9 | AL84: 9 | AM84: 9 | AN84: =AVERAGE(M84:AM84) -> 8.6296296 | CF84: =AVERAGE(BE84:CE84) -> #DIV/0! | DO84: =AVERAGE(CN84:DN84) -> #DIV/0! | EF84: =IF(AN84<=2,"VERY POOR",IF(AN84<=6.5,"POOR",IF(AN84<=8,"NEED TO DEVELOP",IF(AN84<=8.9,"GOOD","VERY GOOD")))) -> GOOD | EG84: =IF(CF84<=2,"VERY POOR",IF(CF84<=6.5,"POOR",IF(CF84<=8,"NEED TO DEVELOP",IF(CF84<=8.9,"GOOD","VERY GOOD")))) -> #DIV/0! | EH84: =IF(DO84<=2,"VERY POOR",IF(DO84<=6.5,"POOR",IF(DO84<=8,"NEED TO DEVELOP",IF(DO84<=8.9,"GOOD","VERY GOOD")))) -> #DIV/0!
B85: KM. BALI AYU | H85: 20180551 | I85: GUNTUR CAESAR DEWANTORO | J85: MUALIM II | L85: 0 tahun 7 bulan 24 hari | AN85: =AVERAGE(M85:AM85) -> #DIV/0! | BD85: 8 | BE85: 8 | BF85: 8 | BG85: 8 | BH85: 8 | BI85: 8 | BJ85: 8 | BK85: 8 | BL85: 8 | BM85: 8 | BN85: 8 | BO85: 8 | BP85: 8 | BQ85: 8 | BR85: 8 | BS85: 8 | BT85: 8 | BU85: 8 | BV85: 9 | BW85: 8 | BX85: 8 | BY85: 8 | BZ85: 9 | CA85: 8 | CB85: 8 | CC85: 8 | CD85: 8 | CE85: 8 | CF85: =AVERAGE(BE85:CE85) -> 8.0740741 | DO85: =AVERAGE(CN85:DN85) -> #DIV/0! | EF85: =IF(AN85<=2,"VERY POOR",IF(AN85<=6.5,"POOR",IF(AN85<=8,"NEED TO DEVELOP",IF(AN85<=8.9,"GOOD","VERY GOOD")))) -> #DIV/0! | EG85: =IF(CF85<=2,"VERY POOR",IF(CF85<=6.5,"POOR",IF(CF85<=8,"NEED TO DEVELOP",IF(CF85<=8.9,"GOOD","VERY GOOD")))) -> GOOD | EH85: =IF(DO85<=2,"VERY POOR",IF(DO85<=6.5,"POOR",IF(DO85<=8,"NEED TO DEVELOP",IF(DO85<=8.9,"GOOD","VERY GOOD")))) -> #DIV/0!
B86: KM. BALI AYU | H86: 20150671 | I86: SUGIONO | J86: MUALIM III | L86: 0 tahun 0 bulan 28 hari | AN86: =AVERAGE(M86:AM86) -> #DIV/0! | CF86: =AVERAGE(BE86:CE86) -> #DIV/0! | DO86: =AVERAGE(CN86:DN86) -> #DIV/0! | EF86: =IF(AN86<=2,"VERY POOR",IF(AN86<=6.5,"POOR",IF(AN86<=8,"NEED TO DEVELOP",IF(AN86<=8.9,"GOOD","VERY GOOD")))) -> #DIV/0! | EG86: =IF(CF86<=2,"VERY POOR",IF(CF86<=6.5,"POOR",IF(CF86<=8,"NEED TO DEVELOP",IF(CF86<=8.9,"GOOD","VERY GOOD")))) -> #DIV/0! | EH86: =IF(DO86<=2,"VERY POOR",IF(DO86<=6.5,"POOR",IF(DO86<=8,"NEED TO DEVELOP",IF(DO86<=8.9,"GOOD","VERY GOOD")))) -> #DIV/0!
B87: KM. BALI AYU | H87: 20110635 | I87: TEMAZIDUHU GIAWA | J87: MASINIS I | L87: 0 tahun 4 bulan 10 hari | M87: 7 | N87: 8 | O87: 7 | P87: 7 | Q87: 7 | R87: 7 | S87: 7 | T87: 7 | U87: 7 | V87: 7 | W87: 8 | X87: 7 | Y87: 7 | Z87: 7 | AA87: 7 | AB87: 7 | AC87: 7 | AD87: 7 | AE87: 7 | AF87: 7 | AG87: 7 | AH87: 7 | AI87: 7 | AJ87: 7 | AK87: 7 | AL87: 7 | AM87: 7 | AN87: =AVERAGE(M87:AM87) -> 7.0740741 | CF87: =AVERAGE(BE87:CE87) -> #DIV/0! | DO87: =AVERAGE(CN87:DN87) -> #DIV/0! | EF87: =IF(AN87<=2,"VERY POOR",IF(AN87<=6.5,"POOR",IF(AN87<=8,"NEED TO DEVELOP",IF(AN87<=8.9,"GOOD","VERY GOOD")))) -> NEED TO DEVELOP | EG87: =IF(CF87<=2,"VERY POOR",IF(CF87<=6.5,"POOR",IF(CF87<=8,"NEED TO DEVELOP",IF(CF87<=8.9,"GOOD","VERY GOOD")))) -> #DIV/0! | EH87: =IF(DO87<=2,"VERY POOR",IF(DO87<=6.5,"POOR",IF(DO87<=8,"NEED TO DEVELOP",IF(DO87<=8.9,"GOOD","VERY GOOD")))) -> #DIV/0!
B88: KM. BALI AYU | H88: 20160371 | I88: RAHMAT RIYADI | J88: MASINIS II | L88: 0 tahun 9 bulan 13 hari | AN88: =AVERAGE(M88:AM88) -> #DIV/0! | BD88: 7 | BE88: 7 | BF88: 8 | BG88: 7 | BH88: 7 | BI88: 8 | BJ88: 7 | BK88: 7 | BL88: 7 | BM88: 7 | BN88: 7 | BO88: 7 | BP88: 7 | BQ88: 7 | BR88: 7 | BS88: 7 | BT88: 7 | BU88: 7 | BV88: 7 | BW88: 7 | BX88: 7 | BY88: 7 | BZ88: 7 | CA88: 7 | CB88: 7 | CC88: 7 | CD88: 7 | CE88: 7 | CF88: =AVERAGE(BE88:CE88) -> 7.0740741 | DO88: =AVERAGE(CN88:DN88) -> #DIV/0! | EF88: =IF(AN88<=2,"VERY POOR",IF(AN88<=6.5,"POOR",IF(AN88<=8,"NEED TO DEVELOP",IF(AN88<=8.9,"GOOD","VERY GOOD")))) -> #DIV/0! | EG88: =IF(CF88<=2,"VERY POOR",IF(CF88<=6.5,"POOR",IF(CF88<=8,"NEED TO DEVELOP",IF(CF88<=8.9,"GOOD","VERY GOOD")))) -> NEED TO DEVELOP | EH88: =IF(DO88<=2,"VERY POOR",IF(DO88<=6.5,"POOR",IF(DO88<=8,"NEED TO DEVELOP",IF(DO88<=8.9,"GOOD","VERY GOOD")))) -> #DIV/0!
B89: KM. BALI AYU | H89: 20200313 | I89: AGUNG SETIAWAN | J89: MASINIS III | L89: 0 tahun 7 bulan 23 hari | AN89: =AVERAGE(M89:AM89) -> #DIV/0! | BD89: 8 | BE89: 7 | BF89: 7 | BG89: 7 | BH89: 8 | BI89: 7 | BJ89: 7 | BK89: 7 | BL89: 8 | BM89: 7 | BN89: 7 | BO89: 7 | BP89: 7 | BQ89: 7 | BR89: 7 | BS89: 7 | BT89: 7 | BU89: 7 | BV89: 7 | BW89: 7 | BX89: 7 | BY89: 7 | BZ89: 7 | CA89: 7 | CB89: 7 | CC89: 7 | CD89: 7 | CE89: 7 | CF89: =AVERAGE(BE89:CE89) -> 7.0740741 | DO89: =AVERAGE(CN89:DN89) -> #DIV/0! | EF89: =IF(AN89<=2,"VERY POOR",IF(AN89<=6.5,"POOR",IF(AN89<=8,"NEED TO DEVELOP",IF(AN89<=8.9,"GOOD","VERY GOOD")))) -> #DIV/0! | EG89: =IF(CF89<=2,"VERY POOR",IF(CF89<=6.5,"POOR",IF(CF89<=8,"NEED TO DEVELOP",IF(CF89<=8.9,"GOOD","VERY GOOD")))) -> NEED TO DEVELOP | EH89: =IF(DO89<=2,"VERY POOR",IF(DO89<=6.5,"POOR",IF(DO89<=8,"NEED TO DEVELOP",IF(DO89<=8.9,"GOOD","VERY GOOD")))) -> #DIV/0!
B90: KM. BALI AYU | H90: 20180027 | I90: MOHAMMAD MUCHLIS | J90: SERANG | L90: 0 tahun 2 bulan 14 hari | AN90: =AVERAGE(M90:AM90) -> #DIV/0! | CF90: =AVERAGE(BE90:CE90) -> #DIV/0! | CV90: 8 | CW90: 8 | CX90: 8 | CY90: 8 | CZ90: 8 | DA90: 8 | DB90: 8 | DC90: 9 | DD90: 8 | DE90: 8 | DF90: 8 | DG90: 8 | DH90: 9 | DI90: 8 | DJ90: 8 | DK90: 8 | DL90: 8 | DM90: 8 | DN90: 8 | DO90: =AVERAGE(CN90:DN90) -> 8.1052632 | EF90: =IF(AN90<=2,"VERY POOR",IF(AN90<=6.5,"POOR",IF(AN90<=8,"NEED TO DEVELOP",IF(AN90<=8.9,"GOOD","VERY GOOD")))) -> #DIV/0! | EG90: =IF(CF90<=2,"VERY POOR",IF(CF90<=6.5,"POOR",IF(CF90<=8,"NEED TO DEVELOP",IF(CF90<=8.9,"GOOD","VERY GOOD")))) -> #DIV/0! | EH90: =IF(DO90<=2,"VERY POOR",IF(DO90<=6.5,"POOR",IF(DO90<=8,"NEED TO DEVELOP",IF(DO90<=8.9,"GOOD","VERY GOOD")))) -> GOOD
B91: KM. BALI AYU | H91: 20240038 | I91: AINUN NAZIB | J91: JURU MUDI | L91: 0 tahun 2 bulan 15 hari | AN91: =AVERAGE(M91:AM91) -> #DIV/0! | CF91: =AVERAGE(BE91:CE91) -> #DIV/0! | CV91: 8 | CW91: 8 | CX91: 8 | CY91: 8 | CZ91: 8 | DA91: 8 | DB91: 8 | DC91: 8 | DD91: 8 | DI91: 8 | DJ91: 9 | DK91: 8 | DL91: 9 | DM91: 8 | DN91: 8 | DO91: =AVERAGE(CN91:DN91) -> 8.1333333 | EF91: =IF(AN91<=2,"VERY POOR",IF(AN91<=6.5,"POOR",IF(AN91<=8,"NEED TO DEVELOP",IF(AN91<=8.9,"GOOD","VERY GOOD")))) -> #DIV/0! | EG91: =IF(CF91<=2,"VERY POOR",IF(CF91<=6.5,"POOR",IF(CF91<=8,"NEED TO DEVELOP",IF(CF91<=8.9,"GOOD","VERY GOOD")))) -> #DIV/0! | EH91: =IF(DO91<=2,"VERY POOR",IF(DO91<=6.5,"POOR",IF(DO91<=8,"NEED TO DEVELOP",IF(DO91<=8.9,"GOOD","VERY GOOD")))) -> GOOD
B92: KM. BALI AYU | H92: 20250097 | I92: MUHAMMAD SAID KHUMAEDI ( WK ) | J92: JURU MUDI | L92: 0 tahun 1 bulan 11 hari | AN92: =AVERAGE(M92:AM92) -> #DIV/0! | CF92: =AVERAGE(BE92:CE92) -> #DIV/0! | DO92: =AVERAGE(CN92:DN92) -> #DIV/0! | EF92: =IF(AN92<=2,"VERY POOR",IF(AN92<=6.5,"POOR",IF(AN92<=8,"NEED TO DEVELOP",IF(AN92<=8.9,"GOOD","VERY GOOD")))) -> #DIV/0! | EG92: =IF(CF92<=2,"VERY POOR",IF(CF92<=6.5,"POOR",IF(CF92<=8,"NEED TO DEVELOP",IF(CF92<=8.9,"GOOD","VERY GOOD")))) -> #DIV/0! | EH92: =IF(DO92<=2,"VERY POOR",IF(DO92<=6.5,"POOR",IF(DO92<=8,"NEED TO DEVELOP",IF(DO92<=8.9,"GOOD","VERY GOOD")))) -> #DIV/0!
B93: KM. BALI AYU | H93: 20230439 | I93: REZA DWI RESPATI | J93: JURU MUDI | L93: 0 tahun 11 bulan 16 hari | AN93: =AVERAGE(M93:AM93) -> #DIV/0! | CF93: =AVERAGE(BE93:CE93) -> #DIV/0! | CV93: 8 | CW93: 8 | CX93: 8 | CY93: 9 | CZ93: 8 | DA93: 8 | DB93: 8 | DC93: 8 | DD93: 8 | DI93: 9 | DJ93: 8 | DK93: 8 | DL93: 8 | DM93: 8 | DN93: 8 | DO93: =AVERAGE(CN93:DN93) -> 8.1333333 | EF93: =IF(AN93<=2,"VERY POOR",IF(AN93<=6.5,"POOR",IF(AN93<=8,"NEED TO DEVELOP",IF(AN93<=8.9,"GOOD","VERY GOOD")))) -> #DIV/0! | EG93: =IF(CF93<=2,"VERY POOR",IF(CF93<=6.5,"POOR",IF(CF93<=8,"NEED TO DEVELOP",IF(CF93<=8.9,"GOOD","VERY GOOD")))) -> #DIV/0! | EH93: =IF(DO93<=2,"VERY POOR",IF(DO93<=6.5,"POOR",IF(DO93<=8,"NEED TO DEVELOP",IF(DO93<=8.9,"GOOD","VERY GOOD")))) -> GOOD
B94: KM. BALI AYU | H94: 20150344 | I94: RUDIANTO | J94: MANDOR MESIN | L94: 0 tahun 8 bulan 2 hari | AN94: =AVERAGE(M94:AM94) -> #DIV/0! | CF94: =AVERAGE(BE94:CE94) -> #DIV/0! | CV94: 7 | CW94: 8 | CX94: 7 | CY94: 7 | CZ94: 7 | DA94: 7 | DB94: 7 | DC94: 7 | DD94: 7 | DI94: 7 | DJ94: 7 | DK94: 7 | DL94: 7 | DM94: 7 | DN94: 7 | DO94: =AVERAGE(CN94:DN94) -> 7.0666667 | EF94: =IF(AN94<=2,"VERY POOR",IF(AN94<=6.5,"POOR",IF(AN94<=8,"NEED TO DEVELOP",IF(AN94<=8.9,"GOOD","VERY GOOD")))) -> #DIV/0! | EG94: =IF(CF94<=2,"VERY POOR",IF(CF94<=6.5,"POOR",IF(CF94<=8,"NEED TO DEVELOP",IF(CF94<=8.9,"GOOD","VERY GOOD")))) -> #DIV/0! | EH94: =IF(DO94<=2,"VERY POOR",IF(DO94<=6.5,"POOR",IF(DO94<=8,"NEED TO DEVELOP",IF(DO94<=8.9,"GOOD","VERY GOOD")))) -> NEED TO DEVELOP
B95: KM. BALI AYU | H95: 20220066 | I95: BAGUS TRIANSYAH | J95: JURU MINYAK | L95: 0 tahun 11 bulan 7 hari | AN95: =AVERAGE(M95:AM95) -> #DIV/0! | CF95: =AVERAGE(BE95:CE95) -> #DIV/0! | CV95: 7 | CW95: 7 | CX95: 7 | CY95: 7 | CZ95: 7 | DA95: 7 | DB95: 8 | DC95: 7 | DD95: 7 | DI95: 7 | DJ95: 7 | DK95: 7 | DL95: 7 | DM95: 7 | DN95: 7 | DO95: =AVERAGE(CN95:DN95) -> 7.0666667 | EF95: =IF(AN95<=2,"VERY POOR",IF(AN95<=6.5,"POOR",IF(AN95<=8,"NEED TO DEVELOP",IF(AN95<=8.9,"GOOD","VERY GOOD")))) -> #DIV/0! | EG95: =IF(CF95<=2,"VERY POOR",IF(CF95<=6.5,"POOR",IF(CF95<=8,"NEED TO DEVELOP",IF(CF95<=8.9,"GOOD","VERY GOOD")))) -> #DIV/0! | EH95: =IF(DO95<=2,"VERY POOR",IF(DO95<=6.5,"POOR",IF(DO95<=8,"NEED TO DEVELOP",IF(DO95<=8.9,"GOOD","VERY GOOD")))) -> NEED TO DEVELOP
B96: KM. BALI AYU | H96: 20250086 | I96: GIGIH FARAUQ ROMDHONI | J96: JURU MINYAK | L96: 0 tahun 2 bulan 1 hari | AN96: =AVERAGE(M96:AM96) -> #DIV/0! | CF96: =AVERAGE(BE96:CE96) -> #DIV/0! | CV96: 7 | CW96: 7 | CX96: 7 | CY96: 7 | CZ96: 8 | DA96: 7 | DB96: 7 | DC96: 7 | DD96: 7 | DI96: 7 | DJ96: 7 | DK96: 7 | DL96: 7 | DM96: 7 | DN96: 7 | DO96: =AVERAGE(CN96:DN96) -> 7.0666667 | EF96: =IF(AN96<=2,"VERY POOR",IF(AN96<=6.5,"POOR",IF(AN96<=8,"NEED TO DEVELOP",IF(AN96<=8.9,"GOOD","VERY GOOD")))) -> #DIV/0! | EG96: =IF(CF96<=2,"VERY POOR",IF(CF96<=6.5,"POOR",IF(CF96<=8,"NEED TO DEVELOP",IF(CF96<=8.9,"GOOD","VERY GOOD")))) -> #DIV/0! | EH96: =IF(DO96<=2,"VERY POOR",IF(DO96<=6.5,"POOR",IF(DO96<=8,"NEED TO DEVELOP",IF(DO96<=8.9,"GOOD","VERY GOOD")))) -> NEED TO DEVELOP
B97: KM. BALI AYU | H97: 20250088 | I97: MOH. ERLANGGA DEVRIS R | J97: JURU MINYAK | L97: 0 tahun 1 bulan 26 hari | AN97: =AVERAGE(M97:AM97) -> #DIV/0! | CF97: =AVERAGE(BE97:CE97) -> #DIV/0! | CV97: 8 | CW97: 7 | CX97: 7 | CY97: 7 | CZ97: 7 | DA97: 7 | DB97: 7 | DC97: 7 | DD97: 7 | DI97: 7 | DJ97: 7 | DK97: 7 | DL97: 7 | DM97: 7 | DN97: 7 | DO97: =AVERAGE(CN97:DN97) -> 7.0666667 | EF97: =IF(AN97<=2,"VERY POOR",IF(AN97<=6.5,"POOR",IF(AN97<=8,"NEED TO DEVELOP",IF(AN97<=8.9,"GOOD","VERY GOOD")))) -> #DIV/0! | EG97: =IF(CF97<=2,"VERY POOR",IF(CF97<=6.5,"POOR",IF(CF97<=8,"NEED TO DEVELOP",IF(CF97<=8.9,"GOOD","VERY GOOD")))) -> #DIV/0! | EH97: =IF(DO97<=2,"VERY POOR",IF(DO97<=6.5,"POOR",IF(DO97<=8,"NEED TO DEVELOP",IF(DO97<=8.9,"GOOD","VERY GOOD")))) -> NEED TO DEVELOP
B98: KM. BALI AYU | H98: 20240187 | I98: MUHAMMAD MA'RUF | J98: JURU MASAK I | L98: 0 tahun 2 bulan 17 hari | AN98: =AVERAGE(M98:AM98) -> #DIV/0! | CF98: =AVERAGE(BE98:CE98) -> #DIV/0! | CV98: 8 | CW98: 8 | CX98: 8 | CY98: 8 | CZ98: 9 | DA98: 8 | DB98: 8 | DC98: 8 | DD98: 8 | DI98: 8 | DJ98: 8 | DK98: 9 | DL98: 8 | DM98: 8 | DN98: 8 | DO98: =AVERAGE(CN98:DN98) -> 8.1333333 | EF98: =IF(AN98<=2,"VERY POOR",IF(AN98<=6.5,"POOR",IF(AN98<=8,"NEED TO DEVELOP",IF(AN98<=8.9,"GOOD","VERY GOOD")))) -> #DIV/0! | EG98: =IF(CF98<=2,"VERY POOR",IF(CF98<=6.5,"POOR",IF(CF98<=8,"NEED TO DEVELOP",IF(CF98<=8.9,"GOOD","VERY GOOD")))) -> #DIV/0! | EH98: =IF(DO98<=2,"VERY POOR",IF(DO98<=6.5,"POOR",IF(DO98<=8,"NEED TO DEVELOP",IF(DO98<=8.9,"GOOD","VERY GOOD")))) -> GOOD
B99: KM. BALI GIANYAR | H99: 20130542 | I99: MUHAMMAD AGIL ALATAS | J99: MUALIM I | L99: 0 tahun 2 bulan 4 hari | AN99: =AVERAGE(M99:AM99) -> #DIV/0! | CF99: =AVERAGE(BE99:CE99) -> #DIV/0! | DO99: =AVERAGE(CN99:DN99) -> #DIV/0! | EF99: =IF(AN99<=2,"VERY POOR",IF(AN99<=6.5,"POOR",IF(AN99<=8,"NEED TO DEVELOP",IF(AN99<=8.9,"GOOD","VERY GOOD")))) -> #DIV/0! | EG99: =IF(CF99<=2,"VERY POOR",IF(CF99<=6.5,"POOR",IF(CF99<=8,"NEED TO DEVELOP",IF(CF99<=8.9,"GOOD","VERY GOOD")))) -> #DIV/0! | EH99: =IF(DO99<=2,"VERY POOR",IF(DO99<=6.5,"POOR",IF(DO99<=8,"NEED TO DEVELOP",IF(DO99<=8.9,"GOOD","VERY GOOD")))) -> #DIV/0!
B100: KM. BALI GIANYAR | H100: 20160737 | I100: WINANG ARDIBARA ADHI ATMAJA | J100: MUALIM II | L100: 0 tahun 3 bulan 20 hari | AN100: =AVERAGE(M100:AM100) -> #DIV/0! | BD100: 7 | BE100: 7 | BF100: 7 | BG100: 7 | BH100: 7 | BI100: 8 | BJ100: 8 | BK100: 7 | BL100: 7 | BM100: 7 | BN100: 7 | BO100: 7 | BP100: 7 | BQ100: 7 | BR100: 7 | BS100: 7 | BT100: 7 | BU100: 7 | BV100: 7 | BW100: 7 | BX100: 7 | BY100: 7 | BZ100: 8 | CA100: 7 | CB100: 7 | CC100: 7 | CD100: 8 | CE100: 7 | CF100: =AVERAGE(BE100:CE100) -> 7.1481481 | DO100: =AVERAGE(CN100:DN100) -> #DIV/0! | EF100: =IF(AN100<=2,"VERY POOR",IF(AN100<=6.5,"POOR",IF(AN100<=8,"NEED TO DEVELOP",IF(AN100<=8.9,"GOOD","VERY GOOD")))) -> #DIV/0! | EG100: =IF(CF100<=2,"VERY POOR",IF(CF100<=6.5,"POOR",IF(CF100<=8,"NEED TO DEVELOP",IF(CF100<=8.9,"GOOD","VERY GOOD")))) -> NEED TO DEVELOP | EH100: =IF(DO100<=2,"VERY POOR",IF(DO100<=6.5,"POOR",IF(DO100<=8,"NEED TO DEVELOP",IF(DO100<=8.9,"GOOD","VERY GOOD")))) -> #DIV/0!
B101: KM. BALI GIANYAR | H101: 20220010 | I101: RICO APRILLIANDO | J101: MUALIM III | L101: 0 tahun 7 bulan 9 hari | AN101: =AVERAGE(M101:AM101) -> #DIV/0! | BD101: 7 | BE101: 7 | BF101: 7 | BG101: 7 | BH101: 7 | BI101: 8 | BJ101: 8 | BK101: 8 | BL101: 7 | BM101: 7 | BN101: 7 | BO101: 8 | BP101: 7 | BQ101: 7 | BR101: 7 | BS101: 8 | BT101: 7 | BU101: 7 | BV101: 7 | BW101: 7 | BX101: 7 | BY101: 7 | BZ101: 8 | CA101: 7 | CB101: 8 | CC101: 7 | CD101: 7 | CE101: 7 | CF101: =AVERAGE(BE101:CE101) -> 7.2592593 | DO101: =AVERAGE(CN101:DN101) -> #DIV/0! | EF101: =IF(AN101<=2,"VERY POOR",IF(AN101<=6.5,"POOR",IF(AN101<=8,"NEED TO DEVELOP",IF(AN101<=8.9,"GOOD","VERY GOOD")))) -> #DIV/0! | EG101: =IF(CF101<=2,"VERY POOR",IF(CF101<=6.5,"POOR",IF(CF101<=8,"NEED TO DEVELOP",IF(CF101<=8.9,"GOOD","VERY GOOD")))) -> NEED TO DEVELOP | EH101: =IF(DO101<=2,"VERY POOR",IF(DO101<=6.5,"POOR",IF(DO101<=8,"NEED TO DEVELOP",IF(DO101<=8.9,"GOOD","VERY GOOD")))) -> #DIV/0!
...

Sheet Hitungan
A1: Mualim I | B1: 17 | C1: HOLD
A2: Mualim II | B2: 16
A3: Mualim III | B3: 8
B4: =SUM(B1:B3) -> 41
A5: Masinis I | B5: 16 | C5: HOLD
A6: Masinis II | B6: 8
A7: Masinis | B7: 7
B8: =SUM(B5:B7) -> 31 | C8: =B4+B8 -> 72
A9: Minus: | B9: Dok:
A10: Bali Series
A11: Manalagi
A12: Fortune
A13: Pratiwi Series
A14: Derajat
A15: Pahala

Sheet Talent_Candidate
A1: No. | B1: Vessel Name | C1: Nama | D1: Jabatan | E1: Kondite Review | F1: Kontak | G1: Crewing | H1: KPI Vessels | I1: Konversi Kondite | J1: Konversi KPI Vessels | K1: Perfomance Result
A2: 1 | B2: KM. HIJAU JELITA | C2: ARIEL CAHYONO SETIAWAN | D2: MUALIM I | E2: GOOD | F2: arielcahyono81@, 085244407001 | G2: Jeffry | H2: 97.128 | I2: 3 | J2: =IF(AND(H2>=60,H2<100),1,IF(AND(H2>=100,H2<=110.999),2,IF(AND(H2>=111,H2<=120),3,""))) -> 1 | K2: =ROUND(0.3*J2+0.7*I2,0) -> 2
A3: 2 | B3: KM. HIJAU SAMUDRA | C3: EDDY HARI WIBOWO | D3: MUALIM I | E3: GOOD | F3: 0813311513493, 081331513493, 081331513493 | G3: Syahril | H3: 98.648 | I3: 3 | J3: =IF(AND(H3>=60,H3<100),1,IF(AND(H3>=100,H3<=110.999),2,IF(AND(H3>=111,H3<=120),3,""))) -> 1 | K3: =ROUND(0.3*J3+0.7*I3,0) -> 2
A4: 3 | B4: KM. ORIENTAL EMERALD | C4: MAD KAINI | D4: MUALIM I | E4: GOOD | F4: 081361730508, 081361730508 | G4: Fenru | H4: 104.923 | I4: 3 | J4: =IF(AND(H4>=60,H4<100),1,IF(AND(H4>=100,H4<=110.999),2,IF(AND(H4>=111,H4<=120),3,""))) -> 2 | K4: =ROUND(0.3*J4+0.7*I4,0) -> 3
A5: 4 | B5: KM. ORIENTAL GALAXY | C5: FRANGKY MULALINDA | D5: MUALIM I | E5: GOOD | F5: 02198112855, 081297702906, 081280591992 | G5: Syahril | H5: 110.768 | I5: 3 | J5: =IF(AND(H5>=60,H5<100),1,IF(AND(H5>=100,H5<=110.999),2,IF(AND(H5>=111,H5<=120),3,""))) -> 2 | K5: =ROUND(0.3*J5+0.7*I5,0) -> 3
A6: 5 | B6: KM. ORIENTAL GOLD | C6: IDHAM FEBRIASYAH | D6: MUALIM I | E6: GOOD | F6: 081281014943, 081386804740 | G6: Syahril | H6: 108.453 | I6: 3 | J6: =IF(AND(H6>=60,H6<100),1,IF(AND(H6>=100,H6<=110.999),2,IF(AND(H6>=111,H6<=120),3,""))) -> 2 | K6: =ROUND(0.3*J6+0.7*I6,0) -> 3
A7: 6 | B7: KM. ORIENTAL PACIFIC | C7: LANDUNG AHMADA | D7: MUALIM I | E7: GOOD | F7: 0214417718, 081380096055, 085850243339 | G7: Jeffry | H7: 77.1 | I7: 3 | J7: =IF(AND(H7>=60,H7<100),1,IF(AND(H7>=100,H7<=110.999),2,IF(AND(H7>=111,H7<=120),3,""))) -> 1 | K7: =ROUND(0.3*J7+0.7*I7,0) -> 2
A8: 7 | B8: KM. ORIENTAL RUBY | C8: CATUR MUKTI WIBOWO | D8: MUALIM I | E8: GOOD | F8: 081331814818 | G8: Jeffry | H8: 100.315 | I8: 3 | J8: =IF(AND(H8>=60,H8<100),1,IF(AND(H8>=100,H8<=110.999),2,IF(AND(H8>=111,H8<=120),3,""))) -> 2 | K8: =ROUND(0.3*J8+0.7*I8,0) -> 3
A9: 8 | B9: KM. ORIENTAL SAMUDERA | C9: ANGGA PARADEWA | D9: MUALIM I | E9: GOOD | F9: 081233621054, 081233621054 | G9: Jeffry | H9: 106.035 | I9: 3 | J9: =IF(AND(H9>=60,H9<100),1,IF(AND(H9>=100,H9<=110.999),2,IF(AND(H9>=111,H9<=120),3,""))) -> 2 | K9: =ROUND(0.3*J9+0.7*I9,0) -> 3
A10: 9 | B10: KM. PULAU NUNUKAN | C10: SUAY BATUL ULUM | D10: MUALIM I | E10: GOOD | F10: 0353888823, 0322312958, 08155222797, 085232126963 | G10: Jefry / Leo | H10: 99.493 | I10: 3 | J10: =IF(AND(H10>=60,H10<100),1,IF(AND(H10>=100,H10<=110.999),2,IF(AND(H10>=111,H10<=120),3,""))) -> 1 | K10: =ROUND(0.3*J10+0.7*I10,0) -> 2
A11: 10 | B11: KM. SELILI BARU | C11: WAHYUDI | D11: MUALIM I | E11: GOOD | F11: 081230189311 | G11: Syahril | H11: 110.993 | I11: 3 | J11: =IF(AND(H11>=60,H11<100),1,IF(AND(H11>=100,H11<=110.999),2,IF(AND(H11>=111,H11<=120),3,""))) -> 2 | K11: =ROUND(0.3*J11+0.7*I11,0) -> 3
A12: 11 | B12: KM. SPIL HANA | C12: MUCHLISIN | D12: MUALIM I | E12: GOOD | F12: 085727622217, 081223724307, 081252492202, 081252492202 | G12: Jeffry | H12: 106.713 | I12: 3 | J12: =IF(AND(H12>=60,H12<100),1,IF(AND(H12>=100,H12<=110.999),2,IF(AND(H12>=111,H12<=120),3,""))) -> 2 | K12: =ROUND(0.3*J12+0.7*I12,0) -> 3
A13: 12 | B13: KM. SPIL HAPSRI | C13: AGUS WAHYUDI | D13: MUALIM I | E13: GOOD | F13: 081386811589 | G13: Jeffry | H13: 103.102 | I13: 3 | J13: =IF(AND(H13>=60,H13<100),1,IF(AND(H13>=100,H13<=110.999),2,IF(AND(H13>=111,H13<=120),3,""))) -> 2 | K13: =ROUND(0.3*J13+0.7*I13,0) -> 3
... A18: 17 | B18: KM. TITANIUM | C18: MUHAMAD SYAIFUL LATIEF | D18: MUALIM I | E18: VERY GOOD | F18: 085329154152 | G18: Syahril | H18: 105.875 | I18: 3 | J18: =IF(AND(H18>=60,H18<100),1,IF(AND(H18>=100,H18<=110.999),2,IF(AND(H18>=111,H18<=120),3,""))) -> 2 | K18: =ROUND(0.3*J18+0.7*I18,0) -> 3
A19: 18 | B19: KM. HIJAU JELITA | C19: ANANG LESTIONO | D19: MUALIM II | E19: GOOD | F19: 085755658150 | H19: 97.128 | I19: 3 | J19: =IF(AND(H19>=60,H19<100),1,IF(AND(H19>=100,H19<=110.999),2,IF(AND(H19>=111,H19<=120),3,""))) -> 1 | K19: =ROUND(0.3*J19+0.7*I19,0) -> 2
A20: 19 | B20: KM. LUZON | C20: PRASETYA SURYAATMAJA | D20: MUALIM II | E20: GOOD | F20: 082233787471, 082233787471 | G20: Syahri | H20: 97.128 | I20: 3 | J20: =IF(AND(H20>=60,H20<100),1,IF(AND(H20>=100,H20<=110.999),2,IF(AND(H20>=111,H20<=120),3,""))) -> 1 | K20: =ROUND(0.3*J20+0.7*I20,0) -> 2
A21: 20 | B21: KM. ORIENTAL DIAMOND | C21: VICKY NAZARIO SYUKUR | D21: MUALIM II | E21: GOOD | F21: 085723122281, 085773921557 | G21: Jeffry | H21: 100.893 | I21: 3 | J21: =IF(AND(H21>=60,H21<100),1,IF(AND(H21>=100,H21<=110.999),2,IF(AND(H21>=111,H21<=120),3,""))) -> 2 | K21: =ROUND(0.3*J21+0.7*I21,0) -> 3
A22: 21 | B22: KM. ORIENTAL PACIFIC | C22: NURROHMAN | D22: MUALIM II | E22: GOOD | F22: 081321055311 | G22: Jeffry | H22: 77.1 | I22: 3 | J22: =IF(AND(H22>=60,H22<100),1,IF(AND(H22>=100,H22<=110.999),2,IF(AND(H22>=111,H22<=120),3,""))) -> 1 | K22: =ROUND(0.3*J22+0.7*I22,0) -> 2
A23: 22 | B23: KM. ORIENTAL RUBY | C23: MOH. IMAN SYAFII TAUFIQ | D23: MUALIM II | E23: GOOD | F23: 082140327361, 085731729999, 082320489078, 082320489078 | G23: Jeffry | H23: 100.315 | I23: 3 | J23: =IF(AND(H23>=60,H23<100),1,IF(AND(H23>=100,H23<=110.999),2,IF(AND(H23>=111,H23<=120),3,""))) -> 2 | K23: =ROUND(0.3*J23+0.7*I23,0) -> 3
A24: 23 | B24: KM. ORIENTAL SAMUDERA | C24: AGUSTINUS RAHAJAAN | D24: MUALIM II | E24: GOOD | F24: 081242340268 | G24: Jeffry | H24: 106.035 | I24: 3 | J24: =IF(AND(H24>=60,H24<100),1,IF(AND(H24>=100,H24<=110.999),2,IF(AND(H24>=111,H24<=120),3,""))) -> 2 | K24: =ROUND(0.3*J24+0.7*I24,0) -> 3
A25: 24 | B25: KM. PEKAN RIAU | C25: EKKY SAPUTRA | D25: MUALIM II | E25: GOOD | F25: 081316388802, 085640223586, 081225549983 | G25: Syahril | H25: 113.423 | I25: 3 | J25: =IF(AND(H25>=60,H25<100),1,IF(AND(H25>=100,H25<=110.999),2,IF(AND(H25>=111,H25<=120),3,""))) -> 3 | K25: =ROUND(0.3*J25+0.7*I25,0) -> 3
A26: 25 | B26: KM. SELILI BARU | C26: AULI SAPRIADI | D26: MUALIM II | E26: GOOD | F26: 081998496023, 085397955140, 085397955140 | G26: Syahril | H26: 110.993 | I26: 3 | J26: =IF(AND(H26>=60,H26<100),1,IF(AND(H26>=100,H26<=110.999),2,IF(AND(H26>=111,H26<=120),3,""))) -> 2 | K26: =ROUND(0.3*J26+0.7*I26,0) -> 3
A27: 26 | B27: KM. SPIL HANA | C27: GITA SETYA GALIH | D27: MUALIM II | E27: GOOD | F27: 082244337782 | G27: Syahril | H27: 106.713 | I27: 3 | J27: =IF(AND(H27>=60,H27<100),1,IF(AND(H27>=100,H27<=110.999),2,IF(AND(H27>=111,H27<=120),3,""))) -> 2 | K27: =ROUND(0.3*J27+0.7*I27,0) -> 3
A28: 27 | B28: KM. SPIL HASYA | C28: ANDIKA VALENTIAN ADITYA | D28: MUALIM II | E28: GOOD | F28: 081330937117, 081330210693 | H28: 102.572 | I28: 3 | J28: =IF(AND(H28>=60,H28<100),1,IF(AND(H28>=100,H28<=110.999),2,IF(AND(H28>=111,H28<=120),3,""))) -> 2 | K28: =ROUND(0.3*J28+0.7*I28,0) -> 3
A29: 28 | B29: KM. SPIL HAYU | C29: FERIS SETYO PAMBUDI | D29: MUALIM II | E29: VERY GOOD | F29: 082250005740 | G29: Jeffry | H29: 88.432 | I29: 3 | J29: =IF(AND(H29>=60,H29<100),1,IF(AND(H29>=100,H29<=110.999),2,IF(AND(H29>=111,H29<=120),3,""))) -> 1 | K29: =ROUND(0.3*J29+0.7*I29,0) -> 2
A30: 29 | B30: KM. SPIL RAHAYU | C30: JANY SUITELA | D30: MUALIM II | E30: GOOD | F30: 081232589463 | H30: 97.812 | I30: 3 | J30: =IF(AND(H30>=60,H30<100),1,IF(AND(H30>=100,H30<=110.999),2,IF(AND(H30>=111,H30<=120),3,""))) -> 1 | K30: =ROUND(0.3*J30+0.7*I30,0) -> 2
A31: 30 | B31: KM. SPIL RUMI | C31: MARIO JEVIN WAANG | D31: MUALIM II | E31: GOOD | F31: 081393565760, 082236491078 | G31: Jeffry | H31: 109.938 | I31: 3 | J31: =IF(AND(H31>=60,H31<100),1,IF(AND(H31>=100,H31<=110.999),2,IF(AND(H31>=111,H31<=120),3,""))) -> 2 | K31: =ROUND(0.3*J31+0.7*I31,0) -> 3
A32: 31 | B32: KM. TELUK BINTUNI | C32: KARIMUL ARIF | D32: MUALIM II | E32: GOOD | F32: 082301344858, 081553215288 | G32: Syahril | H32: 116.428 | I32: 3 | J32: =IF(AND(H32>=60,H32<100),1,IF(AND(H32>=100,H32<=110.999),2,IF(AND(H32>=111,H32<=120),3,""))) -> 3 | K32: =ROUND(0.3*J32+0.7*I32,0) -> 3
A33: 32 | B33: KM. TELUK FLAMINGGO | C33: ERWANDI EFENDI | D33: MUALIM II | E33: GOOD | F33: 082248247530 | G33: Syahril | H33: 96.397 | I33: 3 | J33: =IF(AND(H33>=60,H33<100),1,IF(AND(H33>=100,H33<=110.999),2,IF(AND(H33>=111,H33<=120),3,""))) -> 1 | K33: =ROUND(0.3*J33+0.7*I33,0) -> 2
A34: 33 | B34: KM. TITANIUM | C34: DICKY SURYA SYAHPUTRA | D34: MUALIM II | E34: VERY GOOD | F34: 081227310695, 08122755074 | G34: Syahril | H34: 105.875 | I34: 3 | J34: =IF(AND(H34>=60,H34<100),1,IF(AND(H34>=100,H34<=110.999),2,IF(AND(H34>=111,H34<=120),3,""))) -> 2 | K34: =ROUND(0.3*J34+0.7*I34,0) -> 3
A35: 34 | B35: KM. HIJAU SAMUDRA | C35: DZIYAN ALFEIN MUBARAK | D35: MUALIM III | E35: GOOD | F35: 082230749494 | G35: Syahril | H35: 98.648 | I35: 3 | J35: =IF(AND(H35>=60,H35<100),1,IF(AND(H35>=100,H35<=110.999),2,IF(AND(H35>=111,H35<=120),3,""))) -> 1 | K35: =ROUND(0.3*J35+0.7*I35,0) -> 2
A36: 35 | B36: KM. LUZON | C36: MUHAMMAD BAYU FIRMANDANU | D36: MUALIM III | E36: GOOD | F36: 081515688743 | G36: Syahril | H36: 111.873 | I36: 3 | J36: =IF(AND(H36>=60,H36<100),1,IF(AND(H36>=100,H36<=110.999),2,IF(AND(H36>=111,H36<=120),3,""))) -> 3 | K36: =ROUND(0.3*J36+0.7*I36,0) -> 3
A37: 36 | B37: KM. ORIENTAL PACIFIC | C37: MUHAMMAD REZA | D37: MUALIM III | E37: GOOD | F37: 081321416319 | G37: Jeffry | H37: 77.1 | I37: 3 | J37: =IF(AND(H37>=60,H37<100),1,IF(AND(H37>=100,H37<=110.999),2,IF(AND(H37>=111,H37<=120),3,""))) -> 1 | K37: =ROUND(0.3*J37+0.7*I37,0) -> 2
A38: 37 | B38: KM. ORIENTAL RUBY | C38: MUSA ALJABAR | D38: MUALIM III | E38: VERY GOOD | H38: 100.315 | I38: 3 | J38: =IF(AND(H38>=60,H38<100),1,IF(AND(H38>=100,H38<=110.999),2,IF(AND(H38>=111,H38<=120),3,""))) -> 2 | K38: =ROUND(0.3*J38+0.7*I38,0) -> 3
A39: 38 | B39: KM. PULAU WETAR | C39: AFDAL FERDI ANAS | D39: MUALIM III | E39: GOOD | F39: 087849683511, 087851205420 | H39: 102.64 | I39: 3 | J39: =IF(AND(H39>=60,H39<100),1,IF(AND(H39>=100,H39<=110.999),2,IF(AND(H39>=111,H39<=120),3,""))) -> 2 | K39: =ROUND(0.3*J39+0.7*I39,0) -> 3
A40: 39 | B40: KM. SPIL HANA | C40: RACHMAD HIDAYAD (SPARTAN) | D40: MUALIM III | E40: GOOD | F40: 085855235516, 082143479915 | G40: Jeffry | H40: 106.713 | I40: 3 | J40: =IF(AND(H40>=60,H40<100),1,IF(AND(H40>=100,H40<=110.999),2,IF(AND(H40>=111,H40<=120),3,""))) -> 2 | K40: =ROUND(0.3*J40+0.7*I40,0) -> 3
A41: 40 | B41: KM. SPIL RAHAYU | C41: YOSUA HP MARBUN | D41: MUALIM III | E41: GOOD | F41: 082161322924, 08128830374 | G41: Jeffry | H41: 97.812 | I41: 3 | J41: =IF(AND(H41>=60,H41<100),1,IF(AND(H41>=100,H41<=110.999),2,IF(AND(H41>=111,H41<=120),3,""))) -> 1 | K41: =ROUND(0.3*J41+0.7*I41,0) -> 2
A42: 41 | B42: KM. TELUK FLAMINGGO | C42: LUKMANUL HAKIM | D42: MUALIM III | E42: GOOD | F42: 081334254939, 081334254939 | G42: Syahril | H42: 96.397 | I42: 3 | J42: =IF(AND(H42>=60,H42<100),1,IF(AND(H42>=100,H42<=110.999),2,IF(AND(H42>=111,H42<=120),3,""))) -> 1 | K42: =ROUND(0.3*J42+0.7*I42,0) -> 2
A43: 42 | B43: KM. KALIMANTAN LEADER | C43: SYAMUDRA KUHON | D43: MASINIS I | E43: GOOD | F43: 085230375679, 085230375679 | G43: Rizqi / Leo | H43: 109.923 | I43: 3 | J43: =IF(AND(H43>=60,H43<100),1,IF(AND(H43>=100,H43<=110.999),2,IF(AND(H43>=111,H43<=120),3,""))) -> 2 | K43: =ROUND(0.3*J43+0.7*I43,0) -> 3
A44: 43 | B44: KM. LUZON | C44: BUDIYANTO | D44: MASINIS I | E44: GOOD | F44: 081231519947, 081231519947, 081231519947 | G44: Syahril | H44: 111.873 | I44: 3 | J44: =IF(AND(H44>=60,H44<100),1,IF(AND(H44>=100,H44<=110.999),2,IF(AND(H44>=111,H44<=120),3,""))) -> 3 | K44: =ROUND(0.3*J44+0.7*I44,0) -> 3
A45: 44 | B45: KM. MULIANIM | C45: MUHAMMAD YAMIN | D45: MASINIS I | E45: GOOD | F45: 085399414118 | G45: Fenru | H45: 97.623 | I45: 3 | J45: =IF(AND(H45>=60,H45<100),1,IF(AND(H45>=100,H45<=110.999),2,IF(AND(H45>=111,H45<=120),3,""))) -> 1 | K45: =ROUND(0.3*J45+0.7*I45,0) -> 2
A46: 45 | B46: KM. ORIENTAL DIAMOND | C46: WAHYU EFENDI | D46: MASINIS I | E46: GOOD | F46: 087755660333 | G46: Jeffry | H46: 100.893 | I46: 3 | J46: =IF(AND(H46>=60,H46<100),1,IF(AND(H46>=100,H46<=110.999),2,IF(AND(H46>=111,H46<=120),3,""))) -> 2 | K46: =ROUND(0.3*J46+0.7*I46,0) -> 3
A47: 46 | B47: KM. ORIENTAL EMERALD | C47: VINKY ARIJONA SIMANJUNTAK | D47: MASINIS I | E47: GOOD | F47: 081392949048 | G47: Fenru | H47: 104.923 | I47: 3 | J47: =IF(AND(H47>=60,H47<100),1,IF(AND(H47>=100,H47<=110.999),2,IF(AND(H47>=111,H47<=120),3,""))) -> 2 | K47: =ROUND(0.3*J47+0.7*I47,0) -> 3
A48: 47 | B48: KM. ORIENTAL PACIFIC | C48: KARSENO | D48: MASINIS I | E48: GOOD | F48: 081260933633 | G48: Jeffry | H48: 77.01 | I48: 3 | J48: =IF(AND(H48>=60,H48<100),1,IF(AND(H48>=100,H48<=110.999),2,IF(AND(H48>=111,H48<=120),3,""))) -> 1 | K48: =ROUND(0.3*J48+0.7*I48,0) -> 2
A49: 48 | B49: KM. PEKAN FAJAR | C49: DONA SETIAWAN | D49: MASINIS I | E49: GOOD | F49: 081325015502, 081325015502 | G49: Syahril | H49: 113.117 | I49: 3 | J49: =IF(AND(H49>=60,H49<100),1,IF(AND(H49>=100,H49<=110.999),2,IF(AND(H49>=111,H49<=120),3,""))) -> 3 | K49: =ROUND(0.3*J49+0.7*I49,0) -> 3
A50: 49 | B50: KM. PULAU WETAR | C50: EKO SETIASMONO | D50: MASINIS I | E50: GOOD | F50: 6285736177574, 6285736177574, 082210722557, 6285736177574 | G50: Syahril | H50: 102.64 | I50: 3 | J50: =IF(AND(H50>=60,H50<100),1,IF(AND(H50>=100,H50<=110.999),2,IF(AND(H50>=111,H50<=120),3,""))) -> 2 | K50: =ROUND(0.3*J50+0.7*I50,0) -> 3
A51: 50 | B51: KM. SELILI BARU | C51: DIKDIK KUSDIANA | D51: MASINIS I | E51: GOOD | F51: 081222823465, 081222823465, 081222823465 | G51: Syahril | H51: 110.993 | I51: 3 | J51: =IF(AND(H51>=60,H51<100),1,IF(AND(H51>=100,H51<=110.999),2,IF(AND(H51>=111,H51<=120),3,""))) -> 2 | K51: =ROUND(0.3*J51+0.7*I51,0) -> 3
... A64: 63 | B64: KM. SPIL HAPSRI | C64: HARIZAL ADE RAMDHANI | D64: MASINIS II | E64: GOOD | F64: 081336698377, 081336698377 | G64: Jeffry | H64: 103.102 | I64: 3 | J64: =IF(AND(H64>=60,H64<100),1,IF(AND(H64>=100,H64<=110.999),2,IF(AND(H64>=111,H64<=120),3,""))) -> 2 | K64: =ROUND(0.3*J64+0.7*I64,0) -> 3
A65: 64 | B65: KM. SPIL RUMI | C65: ALBERD SAMUEL MALLASAK SIMAMOR | D65: MASINIS II | E65: GOOD | F65: 081296115601 | H65: 109.938 | I65: 3 | J65: =IF(AND(H65>=60,H65<100),1,IF(AND(H65>=100,H65<=110.999),2,IF(AND(H65>=111,H65<=120),3,""))) -> 2 | K65: =ROUND(0.3*J65+0.7*I65,0) -> 3
A66: 65 | B66: KM. TITANIUM | C66: DENNY PANDU KUSYONO | D66: MASINIS II | E66: GOOD | F66: 081293766374, 085354040866 | G66: Syahril | H66: 105.875 | I66: 3 | J66: =IF(AND(H66>=60,H66<100),1,IF(AND(H66>=100,H66<=110.999),2,IF(AND(H66>=111,H66<=120),3,""))) -> 2 | K66: =ROUND(0.3*J66+0.7*I66,0) -> 3
A67: 66 | B67: KM. HIJAU JELITA | C67: FEBY SETIYAWAN | D67: MASINIS III | E67: GOOD | F67: 082243844443 | G67: Jef | H67: 97.128 | I67: 3 | J67: =IF(AND(H67>=60,H67<100),1,IF(AND(H67>=100,H67<=110.999),2,IF(AND(H67>=111,H67<=120),3,""))) -> 1 | K67: =ROUND(0.3*J67+0.7*I67,0) -> 2
A68: 67 | B68: KM. ORIENTAL DIAMOND | C68: NANANG ARIFUDIN | D68: MASINIS III | E68: GOOD | F68: 081281008159 | G68: Jeffry | H68: 100.893 | I68: 3 | J68: =IF(AND(H68>=60,H68<100),1,IF(AND(H68>=100,H68<=110.999),2,IF(AND(H68>=111,H68<=120),3,""))) -> 2 | K68: =ROUND(0.3*J68+0.7*I68,0) -> 3
A69: 68 | B69: KM. PEKAN FAJAR | C69: ADITYA NUGRAHA | D69: MASINIS III | E69: GOOD | F69: 085646655088 | H69: 113.117 | I69: 3 | J69: =IF(AND(H69>=60,H69<100),1,IF(AND(H69>=100,H69<=110.999),2,IF(AND(H69>=111,H69<=120),3,""))) -> 3 | K69: =ROUND(0.3*J69+0.7*I69,0) -> 3
A70: 69 | B70: KM. PULAU WETAR | C70: SATRIA AJI PANGESTU | D70: MASINIS III | E70: GOOD | F70: 081477078140 | G70: Syahril | H70: 102.64 | I70: 3 | J70: =IF(AND(H70>=60,H70<100),1,IF(AND(H70>=100,H70<=110.999),2,IF(AND(H70>=111,H70<=120),3,""))) -> 2 | K70: =ROUND(0.3*J70+0.7*I70,0) -> 3
A71: 70 | B71: KM. SELILI BARU | C71: SARIF HIDAYATULLAH | D71: MASINIS III | E71: GOOD | F71: 085802113740, 085043781384, 082244647052 | G71: Syahril | H71: 110.993 | I71: 3 | J71: =IF(AND(H71>=60,H71<100),1,IF(AND(H71>=100,H71<=110.999),2,IF(AND(H71>=111,H71<=120),3,""))) -> 2 | K71: =ROUND(0.3*J71+0.7*I71,0) -> 3
A72: 71 | B72: KM. SPIL RUMI | C72: MOCHAMAD TEGUH FACHRIAN | D72: MASINIS III | E72: GOOD | F72: 0895339862415 | G72: Jeffry | H72: 109.938 | I72: 3 | J72: =IF(AND(H72>=60,H72<100),1,IF(AND(H72>=100,H72<=110.999),2,IF(AND(H72>=111,H72<=120),3,""))) -> 2 | K72: =ROUND(0.3*J72+0.7*I72,0) -> 3
A73: 72 | B73: KM. TITANIUM | C73: DEVA PREZILIAN INDRA LORENZA | D73: MASINIS III | E73: GOOD | F73: 085235814327, 081361119604 | G73: Syahril | H73: 105.875 | I73: 3 | J73: =IF(AND(H73>=60,H73<100),1,IF(AND(H73>=100,H73<=110.999),2,IF(AND(H73>=111,H73<=120),3,""))) -> 2 | K73: =ROUND(0.3*J73+0.7*I73,0) -> 3

Sheet Assessment_Progress
A1: No. | B1: Vessel Name | C1: Nama | D1: Jabatan | E1: Email Vessels | F1: WA Reminder | G1: Timestamp Value Assessment | H1: Value Assessment | I1: Result VA | J1: Timestamp Assessment Center | K1: Assessment Center | L1: Result AC | M1: GAP Competencies | N1: TOTAL GAP | O1: Strength Analysis | P1: IDP | Q1: Potential Score
A2: 1 | B2: KM. HIJAU JELITA | C2: ARIEL CAHYONO SETIAWAN | D2: MUALIM I | E2: Done | F2: Done | G2: 8/22/2025 5:13:24 | H2: Done | I2: 1 | J2: 45697.595 | K2: Done | P2: =IF(OR(D2="Masinis I",D2="Mualim I"),"SDP",IF(OR(D2="Masinis II",D2="Mualim II"),"MDP",IF(OR(D2="Masinis III",D2="Mualim III"),"FDP",""))) -> SDP | Q2: =ROUND(0.4*I2+0.6*L2,0) -> 0
A3: 2 | B3: KM. HIJAU SAMUDRA | C3: EDDY HARI WIBOWO | D3: MUALIM I | E3: Done | F3: Done | G3: 8/29/2025 10:05:43 | H3: Done | I3: 2 | J3: 8/29/2025 22:06:05 | K3: Done | P3: =IF(OR(D3="Masinis I",D3="Mualim I"),"SDP",IF(OR(D3="Masinis II",D3="Mualim II"),"MDP",IF(OR(D3="Masinis III",D3="Mualim III"),"FDP",""))) -> SDP | Q3: =ROUND(0.4*I3+0.6*L3,0) -> 1
A4: 3 | B4: KM. ORIENTAL EMERALD | C4: MAD KAINI | D4: MUALIM I | E4: Done | F4: Done | G4: 8/25/2025 21:15:17 | H4: Done | I4: 2 | J4: 45697.55 | K4: Done | P4: =IF(OR(D4="Masinis I",D4="Mualim I"),"SDP",IF(OR(D4="Masinis II",D4="Mualim II"),"MDP",IF(OR(D4="Masinis III",D4="Mualim III"),"FDP",""))) -> SDP | Q4: =ROUND(0.4*I4+0.6*L4,0) -> 1
A5: 4 | B5: KM. ORIENTAL GALAXY | C5: FRANGKY MULALINDA | D5: MUALIM I | E5: Done | F5: Done | G5: 8/22/2025 22:25:26 | H5: Done | I5: 2 | J5: 8/26/2025 4:52:25 | K5: Done | L5: 2 | M5: LAG; DCM; ING; SIO; CIO; FLC; COM | N5: 7 | P5: =IF(OR(D5="Masinis I",D5="Mualim I"),"SDP",IF(OR(D5="Masinis II",D5="Mualim II"),"MDP",IF(OR(D5="Masinis III",D5="Mualim III"),"FDP",""))) -> SDP | Q5: =ROUND(0.4*I5+0.6*L5,0) -> 2
A6: 5 | B6: KM. ORIENTAL GOLD | C6: IDHAM FEBRIASYAH | D6: MUALIM I | E6: Done | F6: Done | G6: 8/21/2025 22:50:19 | H6: Done | I6: 1 | J6: 8/26/2025 15:45:27 | K6: Done | L6: 2 | M6: PSG; CSO; CIO; EMP; FLX | N6: 5 | P6: =IF(OR(D6="Masinis I",D6="Mualim I"),"SDP",IF(OR(D6="Masinis II",D6="Mualim II"),"MDP",IF(OR(D6="Masinis III",D6="Mualim III"),"FDP",""))) -> SDP | Q6: =ROUND(0.4*I6+0.6*L6,0) -> 2
A7: 6 | B7: KM. ORIENTAL PACIFIC | C7: LANDUNG AHMADA | D7: MUALIM I | E7: Done | F7: Error | P7: =IF(OR(D7="Masinis I",D7="Mualim I"),"SDP",IF(OR(D7="Masinis II",D7="Mualim II"),"MDP",IF(OR(D7="Masinis III",D7="Mualim III"),"FDP",""))) -> SDP | Q7: =ROUND(0.4*I7+0.6*L7,0) -> 0
A8: 7 | B8: KM. ORIENTAL RUBY | C8: CATUR MUKTI WIBOWO | D8: MUALIM I | E8: Done | F8: Done | G8: 8/21/2025 10:11:01 | H8: Done | I8: 3 | J8: 8/28/2025 13:04:16 | K8: Done | P8: =IF(OR(D8="Masinis I",D8="Mualim I"),"SDP",IF(OR(D8="Masinis II",D8="Mualim II"),"MDP",IF(OR(D8="Masinis III",D8="Mualim III"),"FDP",""))) -> SDP | Q8: =ROUND(0.4*I8+0.6*L8,0) -> 1
A9: 8 | B9: KM. ORIENTAL SAMUDERA | C9: ANGGA PARADEWA | D9: MUALIM I | E9: Done | F9: Done | G9: 8/21/2025 7:47:53 | H9: Done | I9: 2 | J9: 8/26/2025 9:47:13 | K9: Done | L9: 2 | M9: DCM; ING; SIO; CIO;ACH; FLX; LDP; LDC | N9: 8 | P9: =IF(OR(D9="Masinis I",D9="Mualim I"),"SDP",IF(OR(D9="Masinis II",D9="Mualim II"),"MDP",IF(OR(D9="Masinis III",D9="Mualim III"),"FDP",""))) -> SDP | Q9: =ROUND(0.4*I9+0.6*L9,0) -> 2
A10: 9 | B10: KM. PULAU NUNUKAN | C10: SUAY BATUL ULUM | D10: MUALIM I | E10: Done | F10: Done | G10: 8/22/2025 0:19:45 | H10: Done | I10: 2 | J10: 8/26/2025 16:38:25 | K10: Done | P10: =IF(OR(D10="Masinis I",D10="Mualim I"),"SDP",IF(OR(D10="Masinis II",D10="Mualim II"),"MDP",IF(OR(D10="Masinis III",D10="Mualim III"),"FDP",""))) -> SDP | Q10: =ROUND(0.4*I10+0.6*L10,0) -> 1
A11: 10 | B11: KM. SELILI BARU | C11: WAHYUDI | D11: MUALIM I | E11: Done | F11: Error | G11: 45756.07 | H11: Done | I11: 2 | J11: 8/28/2025 17:17:12 | K11: Done | P11: =IF(OR(D11="Masinis I",D11="Mualim I"),"SDP",IF(OR(D11="Masinis II",D11="Mualim II"),"MDP",IF(OR(D11="Masinis III",D11="Mualim III"),"FDP",""))) -> SDP | Q11: =ROUND(0.4*I11+0.6*L11,0) -> 1
A12: 11 | B12: KM. SPIL HANA | C12: MUCHLISIN | D12: MUALIM I | E12: Done | F12: Done | G12: 8/21/2025 5:01:04 | H12: Done | I12: 2 | J12: 8/30/2025 8:54:28 | K12: Done | P12: =IF(OR(D12="Masinis I",D12="Mualim I"),"SDP",IF(OR(D12="Masinis II",D12="Mualim II"),"MDP",IF(OR(D12="Masinis III",D12="Mualim III"),"FDP",""))) -> SDP | Q12: =ROUND(0.4*I12+0.6*L12,0) -> 1
A13: 12 | B13: KM. SPIL HAPSRI | C13: AGUS WAHYUDI | D13: MUALIM I | E13: Done | F13: Done | G13: 8/24/2025 4:06:34 | H13: Done | I13: 2 | J13: 8/26/2025 19:14:35 | K13: Done | L13: 2 | M13: LAG; DCM; ACT; SIO; CFO; CIO; ACH; PNO; FLX; LDC | N13: 10 | P13: =IF(OR(D13="Masinis I",D13="Mualim I"),"SDP",IF(OR(D13="Masinis II",D13="Mualim II"),"MDP",IF(OR(D13="Masinis III",D13="Mualim III"),"FDP",""))) -> SDP | Q13: =ROUND(0.4*I13+0.6*L13,0) -> 2
A14: 13 | B14: KM. SPIL HAYU | C14: ARIF FIRDIAN SYAH | D14: MUALIM I | E14: Done | F14: Done | G14: 8/21/2025 7:14:29 | H14: Done | I14: 2 | J14: 8/27/2025 12:38:28 | K14: Done | P14: =IF(OR(D14="Masinis I",D14="Mualim I"),"SDP",IF(OR(D14="Masinis II",D14="Mualim II"),"MDP",IF(OR(D14="Masinis III",D14="Mualim III"),"FDP",""))) -> SDP | Q14: =ROUND(0.4*I14+0.6*L14,0) -> 1
A15: 14 | B15: KM. SPIL RAHAYU | C15: PAULUS PASULU | D15: MUALIM I | E15: Done | F15: Error | G15: 8/21/2025 22:59:29 | H15: Done | I15: 2 | J15: 8/26/2025 12:53:57 | K15: Done | L15: 1 | M15: LAG; DCM; CFO; TOR; CIO; PNP; EMP; RBG; COM; DIR; LDC | N15: 11 | P15: =IF(OR(D15="Masinis I",D15="Mualim I"),"SDP",IF(OR(D15="Masinis II",D15="Mualim II"),"MDP",IF(OR(D15="Masinis III",D15="Mualim III"),"FDP",""))) -> SDP | Q15: =ROUND(0.4*I15+0.6*L15,0) -> 1
A16: 15 | B16: KM. SPIL RENATA | C16: TOAR SANTOSO | D16: MUALIM I | E16: Done | F16: Done | G16: 8/21/2025 17:52:58 | H16: Done | I16: 2 | J16: 8/27/2025 10:17:40 | K16: Done | P16: =IF(OR(D16="Masinis I",D16="Mualim I"),"SDP",IF(OR(D16="Masinis II",D16="Mualim II"),"MDP",IF(OR(D16="Masinis III",D16="Mualim III"),"FDP",""))) -> SDP | Q16: =ROUND(0.4*I16+0.6*L16,0) -> 1
A17: 16 | B17: KM. TELUK FLAMINGGO | C17: MUHLIS | D17: MUALIM I | E17: Done | F17: Done | G17: 8/21/2025 10:25:43 | H17: Done | I17: 1 | J17: 8/26/2025 11:07:31 | K17: Done | L17: 2 | M17: LAG; DCM; ING; ACT; CSO; SIO; CIO; FLX; COM; LDC | N17: 10 | P17: =IF(OR(D17="Masinis I",D17="Mualim I"),"SDP",IF(OR(D17="Masinis II",D17="Mualim II"),"MDP",IF(OR(D17="Masinis III",D17="Mualim III"),"FDP",""))) -> SDP | Q17: =ROUND(0.4*I17+0.6*L17,0) -> 2
A18: 17 | B18: KM. TITANIUM | C18: MUHAMAD SYAIFUL LATIEF | D18: MUALIM I | E18: Done | F18: Done | G18: 8/22/2025 8:52:51 | H18: Done | I18: 2 | J18: 8/27/2025 14:57:26 | K18: Done | P18: =IF(OR(D18="Masinis I",D18="Mualim I"),"SDP",IF(OR(D18="Masinis II",D18="Mualim II"),"MDP",IF(OR(D18="Masinis III",D18="Mualim III"),"FDP",""))) -> SDP | Q18: =ROUND(0.4*I18+0.6*L18,0) -> 1
A19: 18 | B19: KM. HIJAU JELITA | C19: ANANG LESTIONO | D19: MUALIM II | E19: Done | F19: Done | G19: 8/20/2025 14:38:48 | H19: Done | I19: 2 | J19: 45725.345 | K19: Done | P19: =IF(OR(D19="Masinis I",D19="Mualim I"),"SDP",IF(OR(D19="Masinis II",D19="Mualim II"),"MDP",IF(OR(D19="Masinis III",D19="Mualim III"),"FDP",""))) -> MDP | Q19: =ROUND(0.4*I19+0.6*L19,0) -> 1
A20: 19 | B20: KM. LUZON | C20: PRASETYA SURYAATMAJA | D20: MUALIM II | E20: Done | F20: Done | G20: 8/20/2025 6:22:04 | H20: Done | I20: 2 | J20: 8/27/2025 9:13:06 | K20: Done | P20: =IF(OR(D20="Masinis I",D20="Mualim I"),"SDP",IF(OR(D20="Masinis II",D20="Mualim II"),"MDP",IF(OR(D20="Masinis III",D20="Mualim III"),"FDP",""))) -> MDP | Q20: =ROUND(0.4*I20+0.6*L20,0) -> 1
A21: 20 | B21: KM. ORIENTAL DIAMOND | C21: VICKY NAZARIO SYUKUR | D21: MUALIM II | E21: Done | F21: Error | G21: 45725.813 | H21: Done | I21: 2 | J21: 45756.3 | K21: Done | P21: =IF(OR(D21="Masinis I",D21="Mualim I"),"SDP",IF(OR(D21="Masinis II",D21="Mualim II"),"MDP",IF(OR(D21="Masinis III",D21="Mualim III"),"FDP",""))) -> MDP | Q21: =ROUND(0.4*I21+0.6*L21,0) -> 1
A22: 21 | B22: KM. ORIENTAL PACIFIC | C22: NURROHMAN | D22: MUALIM II | E22: Done | F22: Done | G22: 8/22/2025 11:21:07 | H22: Done | I22: 2 | J22: 8/28/2025 21:11:27 | K22: Done | P22: =IF(OR(D22="Masinis I",D22="Mualim I"),"SDP",IF(OR(D22="Masinis II",D22="Mualim II"),"MDP",IF(OR(D22="Masinis III",D22="Mualim III"),"FDP",""))) -> MDP | Q22: =ROUND(0.4*I22+0.6*L22,0) -> 1
A23: 22 | B23: KM. ORIENTAL RUBY | C23: MOH. IMAN SYAFII TAUFIQ | D23: MUALIM II | E23: Done | F23: Done | G23: 8/20/2025 23:54:08 | H23: Done | I23: 2 | J23: 8/26/2025 20:26:54 | K23: Done | L23: 1 | M23: LAG; DCM;CSO; SIO; TOR; CIO; ACH; EMP; RSC; RBGL FLX; COM; LDC | N23: 13 | P23: =IF(OR(D23="Masinis I",D23="Mualim I"),"SDP",IF(OR(D23="Masinis II",D23="Mualim II"),"MDP",IF(OR(D23="Masinis III",D23="Mualim III"),"FDP",""))) -> MDP | Q23: =ROUND(0.4*I23+0.6*L23,0) -> 1
A24: 23 | B24: KM. ORIENTAL SAMUDERA | C24: AGUSTINUS RAHAJAAN | D24: MUALIM II | E24: Done | F24: Error | G24: 8/21/2025 9:08:16 | H24: Done | I24: 3 | J24: 8/27/2025 1:12:41 | K24: Done | L24: 2 | M24: LAG; DCM; CSO; SIO; TOR; CIO; EMP; RBG; FLX; LDC | N24: 10 | O24: ACT; CFO; IDS | P24: =IF(OR(D24="Masinis I",D24="Mualim I"),"SDP",IF(OR(D24="Masinis II",D24="Mualim II"),"MDP",IF(OR(D24="Masinis III",D24="Mualim III"),"FDP",""))) -> MDP | Q24: =ROUND(0.4*I24+0.6*L24,0) -> 2
A25: 24 | B25: KM. PEKAN RIAU | C25: EKKY SAPUTRA | D25: MUALIM II | E25: Done | F25: Done | G25: 8/20/2025 6:14:05 | H25: Done | I25: 3 | J25: 8/28/2025 15:30:50 | K25: Done | P25: =IF(OR(D25="Masinis I",D25="Mualim I"),"SDP",IF(OR(D25="Masinis II",D25="Mualim II"),"MDP",IF(OR(D25="Masinis III",D25="Mualim III"),"FDP",""))) -> MDP | Q25: =ROUND(0.4*I25+0.6*L25,0) -> 1
A26: 25 | B26: KM. SELILI BARU | C26: AULI SAPRIADI | D26: MUALIM II | E26: Done | F26: Done | G26: 8/22/2025 5:47:32 | H26: Done | I26: 2 | J26: 8/27/2025 1:35:22 | K26: Done | L26: 1 | M26: LAG; DCM; CSO; SIO; TOR; ACH; EMP; RSC; RBG; LDC | N26: 11 | O26: CFO; IDS; PNO | P26: =IF(OR(D26="Masinis I",D26="Mualim I"),"SDP",IF(OR(D26="Masinis II",D26="Mualim II"),"MDP",IF(OR(D26="Masinis III",D26="Mualim III"),"FDP",""))) -> MDP | Q26: =ROUND(0.4*I26+0.6*L26,0) -> 1
A27: 26 | B27: KM. SPIL HANA | C27: GITA SETYA GALIH | D27: MUALIM II | E27: Done | F27: Done | G27: 8/20/2025 17:22:15 | H27: Done | I27: 2 | J27: 8/26/2025 18:56:57 | K27: Done | P27: =IF(OR(D27="Masinis I",D27="Mualim I"),"SDP",IF(OR(D27="Masinis II",D27="Mualim II"),"MDP",IF(OR(D27="Masinis III",D27="Mualim III"),"FDP",""))) -> MDP | Q27: =ROUND(0.4*I27+0.6*L27,0) -> 1
A28: 27 | B28: KM. SPIL HASYA | C28: ANDIKA VALENTIAN ADITYA | D28: MUALIM II | E28: Done | F28: Done | G28: 8/25/2025 3:43:38 | H28: Done | I28: 3 | J28: 45697.492 | K28: Done | P28: =IF(OR(D28="Masinis I",D28="Mualim I"),"SDP",IF(OR(D28="Masinis II",D28="Mualim II"),"MDP",IF(OR(D28="Masinis III",D28="Mualim III"),"FDP",""))) -> MDP | Q28: =ROUND(0.4*I28+0.6*L28,0) -> 1
A29: 28 | B29: KM. SPIL HAYU | C29: FERIS SETYO PAMBUDI | D29: MUALIM II | E29: Done | F29: Done | G29: 8/20/2025 6:59:53 | H29: Done | I29: 2 | J29: 8/27/2025 20:14:03 | K29: Done | P29: =IF(OR(D29="Masinis I",D29="Mualim I"),"SDP",IF(OR(D29="Masinis II",D29="Mualim II"),"MDP",IF(OR(D29="Masinis III",D29="Mualim III"),"FDP",""))) -> MDP | Q29: =ROUND(0.4*I29+0.6*L29,0) -> 1
A30: 29 | B30: KM. SPIL RAHAYU | C30: JANY SUITELA | D30: MUALIM II | E30: Done | F30: Done | G30: 8/20/2025 7:31:27 | H30: Done | I30: 2 | J30: 8/26/2025 12:17:15 | K30: Done | L30: 2 | M30: LAG; DCM; ING; CSO; SIO; FLX; LDP; DIR; LDC | N30: 9 | P30: =IF(OR(D30="Masinis I",D30="Mualim I"),"SDP",IF(OR(D30="Masinis II",D30="Mualim II"),"MDP",IF(OR(D30="Masinis III",D30="Mualim III"),"FDP",""))) -> MDP | Q30: =ROUND(0.4*I30+0.6*L30,0) -> 2
A31: 30 | B31: KM. SPIL RUMI | C31: MARIO JEVIN WAANG | D31: MUALIM II | E31: Done | F31: Done | G31: 8/25/2025 0:19:47 | H31: Done | I31: 1 | K31: Done | P31: =IF(OR(D31="Masinis I",D31="Mualim I"),"SDP",IF(OR(D31="Masinis II",D31="Mualim II"),"MDP",IF(OR(D31="Masinis III",D31="Mualim III"),"FDP",""))) -> MDP | Q31: =ROUND(0.4*I31+0.6*L31,0) -> 0
A32: 31 | B32: KM. TELUK BINTUNI | C32: KARIMUL ARIF | D32: MUALIM II | E32: Done | F32: Done | G32: 8/20/2025 13:22:30 | H32: Done | I32: 2 | J32: 8/26/2025 4:15:34 | K32: Done | L32: 1 | M32: LAG; DCM; CSO; SIO; CIO; ACH;RSC; RSF; FLX; DIR; LDC | N32: 11 | P32: =IF(OR(D32="Masinis I",D32="Mualim I"),"SDP",IF(OR(D32="Masinis II",D32="Mualim II"),"MDP",IF(OR(D32="Masinis III",D32="Mualim III"),"FDP",""))) -> MDP | Q32: =ROUND(0.4*I32+0.6*L32,0) -> 1
A33: 32 | B33: KM. TELUK FLAMINGGO | C33: ERWANDI EFENDI | D33: MUALIM II | E33: Done | F33: Done | G33: 8/20/2025 9:35:31 | H33: Done | I33: 2 | J33: 8/28/2025 2:48:26 | K33: Done | P33: =IF(OR(D33="Masinis I",D33="Mualim I"),"SDP",IF(OR(D33="Masinis II",D33="Mualim II"),"MDP",IF(OR(D33="Masinis III",D33="Mualim III"),"FDP",""))) -> MDP | Q33: =ROUND(0.4*I33+0.6*L33,0) -> 1
A34: 33 | B34: KM. TITANIUM | C34: DICKY SURYA SYAHPUTRA | D34: MUALIM II | E34: Done | F34: Done | G34: 8/22/2025 16:46:13 | H34: Done | I34: 2 | J34: 8/27/2025 14:53:11 | K34: Done | P34: =IF(OR(D34="Masinis I",D34="Mualim I"),"SDP",IF(OR(D34="Masinis II",D34="Mualim II"),"MDP",IF(OR(D34="Masinis III",D34="Mualim III"),"FDP",""))) -> MDP | Q34: =ROUND(0.4*I34+0.6*L34,0) -> 1
A35: 34 | B35: KM. HIJAU SAMUDRA | C35: DZIYAN ALFEIN MUBARAK | D35: MUALIM III | E35: Done | F35: Done | G35: 8/23/2025 9:41:00 | H35: Done | I35: 3 | J35: 8/27/2025 8:35:19 | K35: Done | L35: 3 | M35: LAG; CIO; EMP; RSC | N35: 4 | O35: BAC; DCM; ING; IDS; RSF; COM; LDP; DIR | P35: =IF(OR(D35="Masinis I",D35="Mualim I"),"SDP",IF(OR(D35="Masinis II",D35="Mualim II"),"MDP",IF(OR(D35="Masinis III",D35="Mualim III"),"FDP",""))) -> FDP | Q35: =ROUND(0.4*I35+0.6*L35,0) -> 3
A36: 35 | B36: KM. LUZON | C36: MUHAMMAD BAYU FIRMANDANU | D36: MUALIM III | E36: Done | F36: Done | G36: 8/21/2025 2:25:10 | H36: Done | I36: 2 | J36: 8/27/2025 13:15:54 | K36: Done | P36: =IF(OR(D36="Masinis I",D36="Mualim I"),"SDP",IF(OR(D36="Masinis II",D36="Mualim II"),"MDP",IF(OR(D36="Masinis III",D36="Mualim III"),"FDP",""))) -> FDP | Q36: =ROUND(0.4*I36+0.6*L36,0) -> 1
A37: 36 | B37: KM. ORIENTAL PACIFIC | C37: MUHAMMAD REZA | D37: MUALIM III | E37: Done | F37: Done | G37: 8/21/2025 1:42:16 | H37: Done | I37: 2 | J37: 8/29/2025 19:24:46 | K37: Done | P37: =IF(OR(D37="Masinis I",D37="Mualim I"),"SDP",IF(OR(D37="Masinis II",D37="Mualim II"),"MDP",IF(OR(D37="Masinis III",D37="Mualim III"),"FDP",""))) -> FDP | Q37: =ROUND(0.4*I37+0.6*L37,0) -> 1
A38: 37 | B38: KM. ORIENTAL RUBY | C38: MUSA ALJABAR | D38: MUALIM III | E38: Done | F38: Done | G38: 8/21/2025 16:39:42 | H38: Done | I38: 2 | J38: 45786.09 | K38: Done | P38: =IF(OR(D38="Masinis I",D38="Mualim I"),"SDP",IF(OR(D38="Masinis II",D38="Mualim II"),"MDP",IF(OR(D38="Masinis III",D38="Mualim III"),"FDP",""))) -> FDP | Q38: =ROUND(0.4*I38+0.6*L38,0) -> 1
A39: 38 | B39: KM. PULAU WETAR | C39: AFDAL FERDI ANAS | D39: MUALIM III | E39: Done | F39: Error | G39: 8/20/2025 12:06:54 | H39: Done | I39: 1 | J39: 45756.433 | K39: Done | P39: =IF(OR(D39="Masinis I",D39="Mualim I"),"SDP",IF(OR(D39="Masinis II",D39="Mualim II"),"MDP",IF(OR(D39="Masinis III",D39="Mualim III"),"FDP",""))) -> FDP | Q39: =ROUND(0.4*I39+0.6*L39,0) -> 0
A40: 39 | B40: KM. SPIL HANA | C40: RACHMAD HIDAYAD (SPARTAN) | D40: MUALIM III | E40: Done | F40: Done | G40: 8/26/2025 10:08:55 | H40: Done | I40: 2 | J40: 8/27/2025 9:41:22 | K40: Done | M40: EMP; RSC | N40: 2 | P40: =IF(OR(D40="Masinis I",D40="Mualim I"),"SDP",IF(OR(D40="Masinis II",D40="Mualim II"),"MDP",IF(OR(D40="Masinis III",D40="Mualim III"),"FDP",""))) -> FDP | Q40: =ROUND(0.4*I40+0.6*L40,0) -> 1
A41: 40 | B41: KM. SPIL RAHAYU | C41: YOSUA HP MARBUN | D41: MUALIM III | E41: Done | F41: Done | G41: 8/21/2025 22:51:42 | H41: Done | I41: 2 | J41: 8/26/2025 12:25:34 | K41: Done | L41: 2 | M41: LAG; ING; TOR; CIO; EMP; RBG; FLX | N41: 7 | O41: ACT; CFO; COM; LDP; DIR | P41: =IF(OR(D41="Masinis I",D41="Mualim I"),"SDP",IF(OR(D41="Masinis II",D41="Mualim II"),"MDP",IF(OR(D41="Masinis III",D41="Mualim III"),"FDP",""))) -> FDP | Q41: =ROUND(0.4*I41+0.6*L41,0) -> 2
A42: 41 | B42: KM. TELUK FLAMINGGO | C42: LUKMANUL HAKIM | D42: MUALIM III | E42: Done | F42: Done | G42: 8/20/2025 21:32:42 | H42: Done | I42: 3 | J42: 8/25/2025 22:32:34 | K42: Done | L42: 3 | M42: LAG; CIO; EMP; FLX | N42: 4 | P42: =IF(OR(D42="Masinis I",D42="Mualim I"),"SDP",IF(OR(D42="Masinis II",D42="Mualim II"),"MDP",IF(OR(D42="Masinis III",D42="Mualim III"),"FDP",""))) -> FDP | Q42: =ROUND(0.4*I42+0.6*L42,0) -> 3
A43: 42 | B43: KM. KALIMANTAN LEADER | C43: SYAMUDRA KUHON | D43: MASINIS I | E43: Done | F43: Error | P43: =IF(OR(D43="Masinis I",D43="Mualim I"),"SDP",IF(OR(D43="Masinis II",D43="Mualim II"),"MDP",IF(OR(D43="Masinis III",D43="Mualim III"),"FDP",""))) -> SDP | Q43: =ROUND(0.4*I43+0.6*L43,0) -> 0
A44: 43 | B44: KM. LUZON | C44: BUDIYANTO | D44: MASINIS I | E44: Done | F44: Done | G44: 8/23/2025 16:32:32 | H44: Done | I44: 2 | J44: 8/28/2025 21:52:12 | K44: Done | P44: =IF(OR(D44="Masinis I",D44="Mualim I"),"SDP",IF(OR(D44="Masinis II",D44="Mualim II"),"MDP",IF(OR(D44="Masinis III",D44="Mualim III"),"FDP",""))) -> SDP | Q44: =ROUND(0.4*I44+0.6*L44,0) -> 1
A45: 44 | B45: KM. MULIANIM | C45: MUHAMMAD YAMIN | D45: MASINIS I | E45: Done | F45: Error | G45: 8/22/2025 3:02:15 | H45: Done | I45: 2 | J45: 8/27/2025 5:16:04 | K45: Done | L45: 2 | M45: LAG; DCM; CSO; SIO; CIO; PNO; EMP; FLX; COM; LDC | N45: 10 | P45: =IF(OR(D45="Masinis I",D45="Mualim I"),"SDP",IF(OR(D45="Masinis II",D45="Mualim II"),"MDP",IF(OR(D45="Masinis III",D45="Mualim III"),"FDP",""))) -> SDP | Q45: =ROUND(0.4*I45+0.6*L45,0) -> 2
A46: 45 | B46: KM. ORIENTAL DIAMOND | C46: WAHYU EFENDI | D46: MASINIS I | E46: Done | F46: Done | G46: 8/22/2025 17:46:31 | H46: Done | I46: 2 | J46: 45725.746 | K46: Done | P46: =IF(OR(D46="Masinis I",D46="Mualim I"),"SDP",IF(OR(D46="Masinis II",D46="Mualim II"),"MDP",IF(OR(D46="Masinis III",D46="Mualim III"),"FDP",""))) -> SDP | Q46: =ROUND(0.4*I46+0.6*L46,0) -> 1
A47: 46 | B47: KM. ORIENTAL EMERALD | C47: VINKY ARIJONA SIMANJUNTAK | D47: MASINIS I | E47: Done | F47: Done | G47: 8/22/2025 1:36:24 | H47: Done | I47: 3 | P47: =IF(OR(D47="Masinis I",D47="Mualim I"),"SDP",IF(OR(D47="Masinis II",D47="Mualim II"),"MDP",IF(OR(D47="Masinis III",D47="Mualim III"),"FDP",""))) -> SDP | Q47: =ROUND(0.4*I47+0.6*L47,0) -> 1
A48: 47 | B48: KM. ORIENTAL PACIFIC | C48: KARSENO | D48: MASINIS I | E48: Done | F48: Done | G48: 8/26/2025 10:08:55 | H48: Done | I48: 2 | J48: 8/27/2025 20:22:45 | K48: Done | P48: =IF(OR(D48="Masinis I",D48="Mualim I"),"SDP",IF(OR(D48="Masinis II",D48="Mualim II"),"MDP",IF(OR(D48="Masinis III",D48="Mualim III"),"FDP",""))) -> SDP | Q48: =ROUND(0.4*I48+0.6*L48,0) -> 1
A49: 48 | B49: KM. PEKAN FAJAR | C49: DONA SETIAWAN | D49: MASINIS I | E49: Done | F49: Done | G49: 8/21/2025 10:56:20 | H49: Done | I49: 2 | J49: 8/27/2025 20:26:18 | K49: Done | P49: =IF(OR(D49="Masinis I",D49="Mualim I"),"SDP",IF(OR(D49="Masinis II",D49="Mualim II"),"MDP",IF(OR(D49="Masinis III",D49="Mualim III"),"FDP",""))) -> SDP | Q49: =ROUND(0.4*I49+0.6*L49,0) -> 1
A50: 49 | B50: KM. PULAU WETAR | C50: EKO SETIASMONO | D50: MASINIS I | E50: Done | F50: Done | G50: 8/21/2025 20:22:31 | H50: Done | I50: 2 | J50: 8/28/2025 17:04:46 | K50: Done | P50: =IF(OR(D50="Masinis I",D50="Mualim I"),"SDP",IF(OR(D50="Masinis II",D50="Mualim II"),"MDP",IF(OR(D50="Masinis III",D50="Mualim III"),"FDP",""))) -> SDP | Q50: =ROUND(0.4*I50+0.6*L50,0) -> 1
A51: 50 | B51: KM. SELILI BARU | C51: DIKDIK KUSDIANA | D51: MASINIS I | E51: Done | F51: Done | G51: 8/25/2025 0:33:00 | H51: Done | I51: 2 | J51: 8/28/2025 13:00:43 | K51: Done | P51: =IF(OR(D51="Masinis I",D51="Mualim I"),"SDP",IF(OR(D51="Masinis II",D51="Mualim II"),"MDP",IF(OR(D51="Masinis III",D51="Mualim III"),"FDP",""))) -> SDP | Q51: =ROUND(0.4*I51+0.6*L51,0) -> 1
A52: 51 | B52: KM. SPIL HANA | C52: MOCHAMMAD FAHMI | D52: MASINIS I | E52: Done | F52: Done | G52: 8/25/2025 16:19:28 | H52: Done | I52: 2 | J52: 8/26/2025 19:47:01 | K52: Done | L52: 2 | M52: LAG; DCM; CSO; CFO; CIO; PNO; EP; RSC; FLX; COM | N52: 10 | P52: =IF(OR(D52="Masinis I",D52="Mualim I"),"SDP",IF(OR(D52="Masinis II",D52="Mualim II"),"MDP",IF(OR(D52="Masinis III",D52="Mualim III"),"FDP",""))) -> SDP | Q52: =ROUND(0.4*I52+0.6*L52,0) -> 2
A53: 52 | B53: KM. SPIL HAPSRI | C53: MUKHTAR BAGUS MANTRA | D53: MASINIS I | E53: Done | F53: Error | G53: 8/26/2025 18:56:35 | H53: Done | I53: 2 | P53: =IF(OR(D53="Masinis I",D53="Mualim I"),"SDP",IF(OR(D53="Masinis II",D53="Mualim II"),"MDP",IF(OR(D53="Masinis III",D53="Mualim III"),"FDP",""))) -> SDP | Q53: =ROUND(0.4*I53+0.6*L53,0) -> 1
A54: 53 | B54: KM. SPIL HAYU | C54: EL JUNAIDI | D54: MASINIS I | E54: Done | F54: Done | G54: 45847.998 | H54: Done | I54: 2 | K54: Done | P54: =IF(OR(D54="Masinis I",D54="Mualim I"),"SDP",IF(OR(D54="Masinis II",D54="Mualim II"),"MDP",IF(OR(D54="Masinis III",D54="Mualim III"),"FDP",""))) -> SDP | Q54: =ROUND(0.4*I54+0.6*L54,0) -> 1
A55: 54 | B55: KM. SPIL RUMI | C55: YATEMAN | D55: MASINIS I | E55: Done | F55: Done | G55: 8/21/2025 7:29:34 | H55: Done | I55: 2 | J55: 8/29/2025 13:39:09 | K55: Done | P55: =IF(OR(D55="Masinis I",D55="Mualim I"),"SDP",IF(OR(D55="Masinis II",D55="Mualim II"),"MDP",IF(OR(D55="Masinis III",D55="Mualim III"),"FDP",""))) -> SDP | Q55: =ROUND(0.4*I55+0.6*L55,0) -> 1
A56: 55 | B56: KM. TELUK FLAMINGGO | C56: MUCHAMMAD MUJIB | D56: MASINIS I | E56: Done | F56: Done | G56: 8/21/2025 11:54:17 | H56: Done | I56: 2 | J56: 8/26/2025 0:20:51 | K56: Done | L56: 2 | M56: LAG; DCM; SIO; CIO; EMP; FLX; COM | N56: 7 | P56: =IF(OR(D56="Masinis I",D56="Mualim I"),"SDP",IF(OR(D56="Masinis II",D56="Mualim II"),"MDP",IF(OR(D56="Masinis III",D56="Mualim III"),"FDP",""))) -> SDP | Q56: =ROUND(0.4*I56+0.6*L56,0) -> 2
